0.0	0.171481200724869	2.913934582363119	0.0	0.8258363960439987	0.2702169050233829	4.559529527738715	0.30564221537783465	4.166196321056724
0.06	0.342962401449738	2.913934582363119	0.0	0.8258363960439987	0.5404338100467658	4.559529527738715	0.6112844307556693	4.166196321056724
0.12	0.514443602174607	2.913934582363119	0.0	0.8258363960439987	0.8106507150701487	4.559529527738715	0.9169266461335039	4.166196321056724
0.18	0.685924802899476	2.913934582363119	0.0	0.8258363960439987	1.0808676200935317	4.559529527738715	1.2225688615113386	4.166196321056724
0.24	0.8574060036243449	2.913934582363119	0.0	0.8258363960439987	1.3510845251169146	4.559529527738715	1.5282110768891732	4.166196321056724
0.3	1.0288872043492139	2.913934582363119	0.0	0.8258363960439987	1.6213014301402975	4.559529527738715	1.8338532922670079	4.166196321056724
0.36	1.2003684050740828	2.913934582363119	0.0	0.8258363960439987	1.8915183351636804	4.559529527738715	2.1394955076448428	4.166196321056724
0.42	1.3718496057989518	2.913934582363119	0.0	0.8258363960439987	2.1617352401870633	4.559529527738715	2.445137723022677	4.166196321056724
0.48	1.5433308065238207	2.913934582363119	0.0	0.8258363960439987	2.4319521452104462	4.559529527738715	2.7507799384005116	4.166196321056724
0.54	1.7148120072486897	2.913934582363119	0.0	0.8258363960439987	2.702169050233829	4.559529527738715	3.056422153778346	4.166196321056724
0.6000000000000001	1.8862932079735586	2.913934582363119	0.0	0.8258363960439987	2.972385955257212	4.559529527738715	3.3620643691561805	4.166196321056724
0.6600000000000001	2.0577744086984278	2.913934582363119	0.0	0.8258363960439987	3.242602860280595	4.559529527738715	3.667706584534015	4.166196321056724
0.7200000000000002	2.229255609423297	2.913934582363119	0.0	0.8258363960439987	3.512819765303978	4.559529527738715	3.9733487999118493	4.166196321056724
0.7800000000000002	2.400736810148166	2.913934582363119	0.0	0.8258363960439987	3.783036670327361	4.559529527738715	4.278991015289684	4.166196321056724
0.8400000000000003	2.5722180108730353	2.913934582363119	0.0	0.8258363960439987	4.053253575350744	4.559529527738715	4.584633230667518	4.166196321056724
0.9000000000000004	2.7436992115979044	2.913934582363119	0.0	0.8258363960439987	4.323470480374127	4.559529527738715	4.890275446045353	4.166196321056724
0.9600000000000004	2.9151804123227736	2.913934582363119	0.0	0.8258363960439987	4.5936873853975095	4.559529527738715	5.195917661423187	4.166196321056724
1.0200000000000005	3.0866616130476427	2.913934582363119	0.0	0.8258363960439987	4.8639042904208925	4.559529527738715	5.501559876801021	4.166196321056724
1.0800000000000005	3.258142813772512	2.913934582363119	0.0	0.8258363960439987	5.134121195444275	4.559529527738715	5.807202092178856	4.166196321056724
1.1400000000000006	3.429624014497381	2.913934582363119	0.0	0.8258363960439987	5.404338100467658	4.559529527738715	6.11284430755669	4.166196321056724
1.2000000000000006	3.6011052152222502	2.913934582363119	0.0	0.8258363960439987	5.674555005491041	4.559529527738715	6.418486522934525	4.166196321056724
1.2600000000000007	3.7725864159471194	2.913934582363119	0.0	0.8258363960439987	5.944771910514424	4.559529527738715	6.724128738312359	4.166196321056724
1.3200000000000007	3.9440676166719886	2.913934582363119	0.0	0.8258363960439987	6.214988815537807	4.559529527738715	7.029770953690194	4.166196321056724
1.3800000000000008	4.115548817396857	2.913934582363119	0.0	0.8258363960439987	6.48520572056119	4.559529527738715	7.335413169068028	4.166196321056724
1.4400000000000008	4.287030018121726	2.913934582363119	0.0	0.8258363960439987	6.755422625584573	4.559529527738715	7.641055384445862	4.166196321056724
1.5000000000000009	4.458511218846595	2.913934582363119	0.0	0.8258363960439987	7.025639530607956	4.559529527738715	7.946697599823697	4.166196321056724
1.560000000000001	4.6299924195714635	2.913934582363119	0.0	0.8258363960439987	7.295856435631339	4.559529527738715	8.252339815201532	4.166196321056724
1.620000000000001	4.801473620296332	2.913934582363119	0.0	0.8258363960439987	7.566073340654722	4.559529527738715	8.557982030579367	4.166196321056724
1.680000000000001	4.972954821021201	2.913934582363119	0.0	0.8258363960439987	7.8362902456781045	4.559529527738715	8.863624245957203	4.166196321056724
1.740000000000001	5.14443602174607	2.913934582363119	0.0	0.8258363960439987	8.106507150701487	4.559529527738715	9.169266461335038	4.166196321056724
1.8000000000000012	5.315917222470938	2.913934582363119	0.0	0.8258363960439987	8.376724055724871	4.559529527738715	9.474908676712873	4.166196321056724
1.8600000000000012	5.487398423195807	2.913934582363119	0.0	0.8258363960439987	8.646940960748253	4.559529527738715	9.780550892090709	4.166196321056724
1.9200000000000013	5.658879623920676	2.913934582363119	0.0	0.8258363960439987	8.917157865771635	4.559529527738715	10.086193107468544	4.166196321056724
1.9800000000000013	5.8303608246455445	2.913934582363119	0.0	0.8258363960439987	9.187374770795017	4.559529527738715	10.39183532284638	4.166196321056724
2.0400000000000014	6.001842025370413	2.913934582363119	0.0	0.8258363960439987	9.4575916758184	4.559529527738715	10.697477538224215	4.166196321056724
2.1000000000000014	6.173323226095282	2.913934582363119	0.0	0.8258363960439987	9.727808580841781	4.559529527738715	11.00311975360205	4.166196321056724
2.1600000000000015	6.344804426820151	2.913934582363119	0.0	0.8258363960439987	9.998025485865163	4.559529527738715	11.308761968979885	4.166196321056724
2.2200000000000015	6.516285627545019	2.913934582363119	0.0	0.8258363960439987	10.268242390888545	4.559529527738715	11.61440418435772	4.166196321056724
2.2800000000000016	6.687766828269888	2.913934582363119	0.0	0.8258363960439987	10.538459295911927	4.559529527738715	11.920046399735556	4.166196321056724
2.3400000000000016	6.859248028994757	2.913934582363119	0.0	0.8258363960439987	10.80867620093531	4.559529527738715	12.225688615113391	4.166196321056724
2.4000000000000017	7.0307292297196256	2.913934582363119	0.0	0.8258363960439987	11.078893105958691	4.559529527738715	12.531330830491227	4.166196321056724
2.4600000000000017	7.202210430444494	2.913934582363119	0.0	0.8258363960439987	11.349110010982074	4.559529527738715	12.836973045869062	4.166196321056724
2.520000000000002	7.373691631169363	2.913934582363119	0.0	0.8258363960439987	11.619326916005456	4.559529527738715	13.142615261246897	4.166196321056724
2.580000000000002	7.545172831894232	2.913934582363119	0.0	0.8258363960439987	11.889543821028838	4.559529527738715	13.448257476624732	4.166196321056724
2.640000000000002	7.7166540326191	2.913934582363119	0.0	0.8258363960439987	12.15976072605222	4.559529527738715	13.753899692002568	4.166196321056724
2.700000000000002	7.888135233343969	2.913934582363119	0.0	0.8258363960439987	12.429977631075602	4.559529527738715	14.059541907380403	4.166196321056724
2.760000000000002	8.059616434068838	2.913934582363119	0.0	0.8258363960439987	12.700194536098984	4.559529527738715	14.365184122758238	4.166196321056724
2.820000000000002	8.231097634793707	2.913934582363119	0.0	0.8258363960439987	12.970411441122366	4.559529527738715	14.670826338136074	4.166196321056724
2.880000000000002	8.402578835518577	2.913934582363119	0.0	0.8258363960439987	13.240628346145748	4.559529527738715	14.976468553513909	4.166196321056724
2.940000000000002	8.574060036243447	2.913934582363119	0.0	0.8258363960439987	13.51084525116913	4.559529527738715	15.282110768891744	4.166196321056724
3.000000000000002	8.745541236968316	2.913934582363119	0.0	0.8258363960439987	13.781062156192512	4.559529527738715	15.58775298426958	4.166196321056724
3.0600000000000023	8.917022437693186	2.913934582363119	0.0	0.8258363960439987	14.051279061215894	4.559529527738715	15.893395199647415	4.166196321056724
3.1200000000000023	9.088503638418056	2.913934582363119	0.0	0.8258363960439987	14.321495966239276	4.559529527738715	16.19903741502525	4.166196321056724
3.1800000000000024	9.259984839142925	2.913934582363119	0.0	0.8258363960439987	14.591712871262658	4.559529527738715	16.504679630403082	4.166196321056724
3.2400000000000024	9.431466039867795	2.913934582363119	0.0	0.8258363960439987	14.86192977628604	4.559529527738715	16.810321845780916	4.166196321056724
3.3000000000000025	9.602947240592664	2.913934582363119	0.0	0.8258363960439987	15.132146681309422	4.559529527738715	17.11596406115875	4.166196321056724
3.3600000000000025	9.774428441317534	2.913934582363119	0.0	0.8258363960439987	15.402363586332804	4.559529527738715	17.421606276536583	4.166196321056724
3.4200000000000026	9.945909642042404	2.913934582363119	0.0	0.8258363960439987	15.672580491356186	4.559529527738715	17.727248491914416	4.166196321056724
3.4800000000000026	10.117390842767273	2.913934582363119	0.0	0.8258363960439987	15.942797396379568	4.559529527738715	18.03289070729225	4.166196321056724
3.5400000000000027	10.288872043492143	2.913934582363119	0.0	0.8258363960439987	16.21301430140295	4.559529527738715	18.338532922670083	4.166196321056724
3.6000000000000028	10.460353244217012	2.913934582363119	0.0	0.8258363960439987	16.483231206426332	4.559529527738715	18.644175138047917	4.166196321056724
3.660000000000003	10.631834444941882	2.913934582363119	0.0	0.8258363960439987	16.753448111449714	4.559529527738715	18.94981735342575	4.166196321056724
3.720000000000003	10.803315645666752	2.913934582363119	0.0	0.8258363960439987	17.023665016473096	4.559529527738715	19.255459568803584	4.166196321056724
3.780000000000003	10.974796846391621	2.913934582363119	0.0	0.8258363960439987	17.293881921496478	4.559529527738715	19.561101784181417	4.166196321056724
3.840000000000003	11.14627804711649	2.913934582363119	0.0	0.8258363960439987	17.56409882651986	4.559529527738715	19.86674399955925	4.166196321056724
3.900000000000003	11.31775924784136	2.913934582363119	0.0	0.8258363960439987	17.834315731543242	4.559529527738715	20.172386214937085	4.166196321056724
3.960000000000003	11.48924044856623	2.913934582363119	0.0	0.8258363960439987	18.104532636566624	4.559529527738715	20.478028430314918	4.166196321056724
4.020000000000003	11.6607216492911	2.913934582363119	0.0	0.8258363960439987	18.374749541590006	4.559529527738715	20.78367064569275	4.166196321056724
4.080000000000003	11.83220285001597	2.913934582363119	0.0	0.8258363960439987	18.644966446613388	4.559529527738715	21.089312861070585	4.166196321056724
4.140000000000002	12.003684050740839	2.913934582363119	0.0	0.8258363960439987	18.91518335163677	4.559529527738715	21.39495507644842	4.166196321056724
4.200000000000002	12.175165251465708	2.913934582363119	0.0	0.8258363960439987	19.185400256660152	4.559529527738715	21.700597291826252	4.166196321056724
4.260000000000002	12.346646452190578	2.913934582363119	0.0	0.8258363960439987	19.455617161683534	4.559529527738715	22.006239507204086	4.166196321056724
4.320000000000001	12.518127652915448	2.913934582363119	0.0	0.8258363960439987	19.725834066706916	4.559529527738715	22.31188172258192	4.166196321056724
4.380000000000001	12.689608853640317	2.913934582363119	0.0	0.8258363960439987	19.9960509717303	4.559529527738715	22.617523937959753	4.166196321056724
4.44	12.861090054365187	2.913934582363119	0.0	0.8258363960439987	20.26626787675368	4.559529527738715	22.923166153337586	4.166196321056724
4.5	13.032571255090057	2.913934582363119	0.0	0.8258363960439987	20.536484781777062	4.559529527738715	23.22880836871542	4.166196321056724
4.56	13.204052455814926	2.913934582363119	0.0	0.8258363960439987	20.806701686800444	4.559529527738715	23.534450584093253	4.166196321056724
4.619999999999999	13.375533656539796	2.913934582363119	0.0	0.8258363960439987	21.076918591823826	4.559529527738715	23.840092799471087	4.166196321056724
4.679999999999999	13.547014857264665	2.913934582363119	0.0	0.8258363960439987	21.34713549684721	4.559529527738715	24.14573501484892	4.166196321056724
4.739999999999998	13.718496057989535	2.913934582363119	0.0	0.8258363960439987	21.61735240187059	4.559529527738715	24.451377230226754	4.166196321056724
4.799999999999998	13.889977258714405	2.913934582363119	0.0	0.8258363960439987	21.887569306893973	4.559529527738715	24.757019445604588	4.166196321056724
4.859999999999998	14.061458459439274	2.913934582363119	0.0	0.8258363960439987	22.157786211917355	4.559529527738715	25.06266166098242	4.166196321056724
4.919999999999997	14.232939660164144	2.913934582363119	0.0	0.8258363960439987	22.428003116940737	4.559529527738715	25.368303876360255	4.166196321056724
4.979999999999997	14.404420860889013	2.913934582363119	0.0	0.8258363960439987	22.69822002196412	4.559529527738715	25.673946091738088	4.166196321056724
5.0399999999999965	14.575902061613883	2.913934582363119	0.0	0.8258363960439987	22.9684369269875	4.559529527738715	25.97958830711592	4.166196321056724
5.099999999999996	14.747383262338753	2.913934582363119	0.0	0.8258363960439987	23.238653832010883	4.559529527738715	26.285230522493755	4.166196321056724
5.159999999999996	14.918864463063622	2.913934582363119	0.0	0.8258363960439987	23.508870737034265	4.559529527738715	26.59087273787159	4.166196321056724
5.219999999999995	15.090345663788492	2.913934582363119	0.0	0.8258363960439987	23.779087642057647	4.559529527738715	26.896514953249422	4.166196321056724
5.279999999999995	15.261826864513361	2.913934582363119	0.0	0.8258363960439987	24.04930454708103	4.559529527738715	27.202157168627256	4.166196321056724
5.3399999999999945	15.433308065238231	2.913934582363119	0.0	0.8258363960439987	24.31952145210441	4.559529527738715	27.50779938400509	4.166196321056724
5.399999999999994	15.6047892659631	2.913934582363119	0.0	0.8258363960439987	24.589738357127793	4.559529527738715	27.813441599382923	4.166196321056724
5.459999999999994	15.77627046668797	2.913934582363119	0.0	0.8258363960439987	24.859955262151175	4.559529527738715	28.119083814760756	4.166196321056724
5.519999999999993	15.94775166741284	2.913934582363119	0.0	0.8258363960439987	25.130172167174557	4.559529527738715	28.42472603013859	4.166196321056724
5.579999999999993	16.119232868137708	2.913934582363119	0.0	0.8258363960439987	25.40038907219794	4.559529527738715	28.730368245516424	4.166196321056724
5.639999999999993	16.290714068862577	2.913934582363119	0.0	0.8258363960439987	25.67060597722132	4.559529527738715	29.036010460894257	4.166196321056724
5.699999999999992	16.462195269587447	2.913934582363119	0.0	0.8258363960439987	25.940822882244703	4.559529527738715	29.34165267627209	4.166196321056724
5.759999999999992	16.633676470312317	2.913934582363119	0.0	0.8258363960439987	26.211039787268085	4.559529527738715	29.647294891649924	4.166196321056724
5.819999999999991	16.805157671037186	2.913934582363119	0.0	0.8258363960439987	26.481256692291467	4.559529527738715	29.952937107027758	4.166196321056724
5.879999999999991	16.976638871762056	2.913934582363119	0.0	0.8258363960439987	26.75147359731485	4.559529527738715	30.25857932240559	4.166196321056724
5.939999999999991	17.148120072486925	2.913934582363119	0.0	0.8258363960439987	27.02169050233823	4.559529527738715	30.564221537783425	4.166196321056724
5.99999999999999	17.319601273211795	2.913934582363119	0.0	0.8258363960439987	27.291907407361613	4.559529527738715	30.86986375316126	4.166196321056724
6.05999999999999	17.491082473936665	2.913934582363119	0.0	0.8258363960439987	27.562124312384995	4.559529527738715	31.175505968539092	4.166196321056724
6.1199999999999894	17.662563674661534	2.913934582363119	0.0	0.8258363960439987	27.832341217408377	4.559529527738715	31.481148183916925	4.166196321056724
6.179999999999989	17.834044875386404	2.913934582363119	0.0	0.8258363960439987	28.10255812243176	4.559529527738715	31.78679039929476	4.166196321056724
6.239999999999989	18.005526076111273	2.913934582363119	0.0	0.8258363960439987	28.37277502745514	4.559529527738715	32.092432614672596	4.166196321056724
6.299999999999988	18.177007276836143	2.913934582363119	0.0	0.8258363960439987	28.642991932478523	4.559529527738715	32.39807483005043	4.166196321056724
6.359999999999988	18.348488477561013	2.913934582363119	0.0	0.8258363960439987	28.913208837501905	4.559529527738715	32.70371704542827	4.166196321056724
6.4199999999999875	18.519969678285882	2.913934582363119	0.0	0.8258363960439987	29.183425742525287	4.559529527738715	33.00935926080611	4.166196321056724
6.479999999999987	18.691450879010752	2.913934582363119	0.0	0.8258363960439987	29.45364264754867	4.559529527738715	33.315001476183944	4.166196321056724
6.539999999999987	18.86293207973562	2.913934582363119	0.0	0.8258363960439987	29.72385955257205	4.559529527738715	33.62064369156178	4.166196321056724
6.599999999999986	19.03441328046049	2.913934582363119	0.0	0.8258363960439987	29.994076457595433	4.559529527738715	33.92628590693962	4.166196321056724
6.659999999999986	19.20589448118536	2.913934582363119	0.0	0.8258363960439987	30.264293362618815	4.559529527738715	34.231928122317456	4.166196321056724
6.7199999999999855	19.37737568191023	2.913934582363119	0.0	0.8258363960439987	30.534510267642197	4.559529527738715	34.53757033769529	4.166196321056724
6.779999999999985	19.5488568826351	2.913934582363119	0.0	0.8258363960439987	30.80472717266558	4.559529527738715	34.84321255307313	4.166196321056724
6.839999999999985	19.72033808335997	2.913934582363119	0.0	0.8258363960439987	31.07494407768896	4.559529527738715	35.14885476845097	4.166196321056724
6.899999999999984	19.89181928408484	2.913934582363119	0.0	0.8258363960439987	31.345160982712343	4.559529527738715	35.454496983828804	4.166196321056724
6.959999999999984	20.06330048480971	2.913934582363119	0.0	0.8258363960439987	31.615377887735725	4.559529527738715	35.76013919920664	4.166196321056724
7.019999999999984	20.23478168553458	2.913934582363119	0.0	0.8258363960439987	31.885594792759107	4.559529527738715	36.06578141458448	4.166196321056724
7.079999999999983	20.406262886259448	2.913934582363119	0.0	0.8258363960439987	32.15581169778249	4.559529527738715	36.371423629962315	4.166196321056724
7.139999999999983	20.577744086984318	2.913934582363119	0.0	0.8258363960439987	32.42602860280587	4.559529527738715	36.67706584534015	4.166196321056724
7.199999999999982	20.749225287709187	2.913934582363119	0.0	0.8258363960439987	32.69624550782925	4.559529527738715	36.98270806071799	4.166196321056724
7.259999999999982	20.920706488434057	2.913934582363119	0.0	0.8258363960439987	32.966462412852636	4.559529527738715	37.28835027609583	4.166196321056724
7.319999999999982	21.092187689158926	2.913934582363119	0.0	0.8258363960439987	33.23667931787602	4.559529527738715	37.593992491473664	4.166196321056724
7.379999999999981	21.263668889883796	2.913934582363119	0.0	0.8258363960439987	33.5068962228994	4.559529527738715	37.8996347068515	4.166196321056724
7.439999999999981	21.435150090608666	2.913934582363119	0.0	0.8258363960439987	33.77711312792278	4.559529527738715	38.20527692222934	4.166196321056724
7.4999999999999805	21.606631291333535	2.913934582363119	0.0	0.8258363960439987	34.047330032946164	4.559529527738715	38.510919137607175	4.166196321056724
7.55999999999998	21.778112492058405	2.913934582363119	0.0	0.8258363960439987	34.317546937969546	4.559529527738715	38.81656135298501	4.166196321056724
7.61999999999998	21.949593692783274	2.913934582363119	0.0	0.8258363960439987	34.58776384299293	4.559529527738715	39.12220356836285	4.166196321056724
7.679999999999979	22.121074893508144	2.913934582363119	0.0	0.8258363960439987	34.85798074801631	4.559529527738715	39.427845783740686	4.166196321056724
7.739999999999979	22.292556094233014	2.913934582363119	0.0	0.8258363960439987	35.12819765303969	4.559529527738715	39.73348799911852	4.166196321056724
7.7999999999999785	22.464037294957883	2.913934582363119	0.0	0.8258363960439987	35.398414558063074	4.559529527738715	40.03913021449636	4.166196321056724
7.859999999999978	22.635518495682753	2.913934582363119	0.0	0.8258363960439987	35.668631463086456	4.559529527738715	40.3447724298742	4.166196321056724
7.919999999999978	22.806999696407622	2.913934582363119	0.0	0.8258363960439987	35.93884836810984	4.559529527738715	40.650414645252035	4.166196321056724
7.979999999999977	22.978480897132492	2.913934582363119	0.0	0.8258363960439987	36.20906527313322	4.559529527738715	40.95605686062987	4.166196321056724
8.039999999999978	23.14996209785736	2.913934582363119	0.0	0.8258363960439987	36.4792821781566	4.559529527738715	41.26169907600771	4.166196321056724
8.099999999999978	23.32144329858223	2.913934582363119	0.0	0.8258363960439987	36.749499083179984	4.559529527738715	41.567341291385546	4.166196321056724
8.159999999999979	23.4929244993071	2.913934582363119	0.0	0.8258363960439987	37.019715988203366	4.559529527738715	41.87298350676338	4.166196321056724
8.21999999999998	23.66440570003197	2.913934582363119	0.0	0.8258363960439987	37.28993289322675	4.559529527738715	42.17862572214122	4.166196321056724
8.27999999999998	23.83588690075684	2.913934582363119	0.0	0.8258363960439987	37.56014979825013	4.559529527738715	42.48426793751906	4.166196321056724
8.33999999999998	24.00736810148171	2.913934582363119	0.0	0.8258363960439987	37.83036670327351	4.559529527738715	42.789910152896894	4.166196321056724
8.39999999999998	24.17884930220658	2.913934582363119	0.0	0.8258363960439987	38.100583608296894	4.559529527738715	43.09555236827473	4.166196321056724
8.459999999999981	24.35033050293145	2.913934582363119	0.0	0.8258363960439987	38.370800513320276	4.559529527738715	43.40119458365257	4.166196321056724
8.519999999999982	24.52181170365632	2.913934582363119	0.0	0.8258363960439987	38.64101741834366	4.559529527738715	43.706836799030405	4.166196321056724
8.579999999999982	24.693292904381188	2.913934582363119	0.0	0.8258363960439987	38.91123432336704	4.559529527738715	44.01247901440824	4.166196321056724
8.639999999999983	24.864774105106058	2.913934582363119	0.0	0.8258363960439987	39.18145122839042	4.559529527738715	44.31812122978608	4.166196321056724
8.699999999999983	25.036255305830927	2.913934582363119	0.0	0.8258363960439987	39.451668133413804	4.559529527738715	44.62376344516392	4.166196321056724
8.759999999999984	25.207736506555797	2.913934582363119	0.0	0.8258363960439987	39.721885038437186	4.559529527738715	44.929405660541754	4.166196321056724
8.819999999999984	25.379217707280667	2.913934582363119	0.0	0.8258363960439987	39.99210194346057	4.559529527738715	45.23504787591959	4.166196321056724
8.879999999999985	25.550698908005536	2.913934582363119	0.0	0.8258363960439987	40.26231884848395	4.559529527738715	45.54069009129743	4.166196321056724
8.939999999999985	25.722180108730406	2.913934582363119	0.0	0.8258363960439987	40.53253575350733	4.559529527738715	45.846332306675265	4.166196321056724
8.999999999999986	25.893661309455275	2.913934582363119	0.0	0.8258363960439987	40.802752658530714	4.559529527738715	46.1519745220531	4.166196321056724
9.059999999999986	26.065142510180145	2.913934582363119	0.0	0.8258363960439987	41.072969563554096	4.559529527738715	46.45761673743094	4.166196321056724
9.119999999999987	26.236623710905015	2.913934582363119	0.0	0.8258363960439987	41.34318646857748	4.559529527738715	46.763258952808776	4.166196321056724
9.179999999999987	26.408104911629884	2.913934582363119	0.0	0.8258363960439987	41.61340337360086	4.559529527738715	47.06890116818661	4.166196321056724
9.239999999999988	26.579586112354754	2.913934582363119	0.0	0.8258363960439987	41.88362027862424	4.559529527738715	47.37454338356445	4.166196321056724
9.299999999999988	26.751067313079623	2.913934582363119	0.0	0.8258363960439987	42.153837183647624	4.559529527738715	47.68018559894229	4.166196321056724
9.359999999999989	26.922548513804493	2.913934582363119	0.0	0.8258363960439987	42.42405408867101	4.559529527738715	47.985827814320125	4.166196321056724
9.41999999999999	27.094029714529363	2.913934582363119	0.0	0.8258363960439987	42.69427099369439	4.559529527738715	48.29147002969796	4.166196321056724
9.47999999999999	27.265510915254232	2.913934582363119	0.0	0.8258363960439987	42.96448789871777	4.559529527738715	48.5971122450758	4.166196321056724
9.53999999999999	27.436992115979102	2.913934582363119	0.0	0.8258363960439987	43.23470480374115	4.559529527738715	48.902754460453636	4.166196321056724
9.59999999999999	27.60847331670397	2.913934582363119	0.0	0.8258363960439987	43.504921708764535	4.559529527738715	49.20839667583147	4.166196321056724
9.659999999999991	27.77995451742884	2.913934582363119	0.0	0.8258363960439987	43.77513861378792	4.559529527738715	49.51403889120931	4.166196321056724
9.719999999999992	27.95143571815371	2.913934582363119	0.0	0.8258363960439987	44.0453555188113	4.559529527738715	49.81968110658715	4.166196321056724
9.779999999999992	28.12291691887858	2.913934582363119	0.0	0.8258363960439987	44.31557242383468	4.559529527738715	50.125323321964984	4.166196321056724
9.839999999999993	28.29439811960345	2.913934582363119	0.0	0.8258363960439987	44.58578932885806	4.559529527738715	50.43096553734282	4.166196321056724
9.899999999999993	28.46587932032832	2.913934582363119	0.0	0.8258363960439987	44.856006233881445	4.559529527738715	50.73660775272066	4.166196321056724
9.959999999999994	28.63736052105319	2.913934582363119	0.0	0.8258363960439987	45.12622313890483	4.559529527738715	51.042249968098496	4.166196321056724
10.019999999999994	28.80884172177806	2.913934582363119	0.0	0.8258363960439987	45.39644004392821	4.559529527738715	51.34789218347633	4.166196321056724
10.079999999999995	28.98032292250293	2.913934582363119	0.0	0.8258363960439987	45.66665694895159	4.559529527738715	51.65353439885417	4.166196321056724
10.139999999999995	29.151804123227798	2.913934582363119	0.0	0.8258363960439987	45.93687385397497	4.559529527738715	51.95917661423201	4.166196321056724
10.199999999999996	29.323285323952668	2.913934582363119	0.0	0.8258363960439987	46.207090758998355	4.559529527738715	52.264818829609844	4.166196321056724
10.259999999999996	29.494766524677537	2.913934582363119	0.0	0.8258363960439987	46.47730766402174	4.559529527738715	52.57046104498768	4.166196321056724
10.319999999999997	29.666247725402407	2.913934582363119	0.0	0.8258363960439987	46.74752456904512	4.559529527738715	52.87610326036552	4.166196321056724
10.379999999999997	29.837728926127276	2.913934582363119	0.0	0.8258363960439987	47.0177414740685	4.559529527738715	53.181745475743355	4.166196321056724
10.439999999999998	30.009210126852146	2.913934582363119	0.0	0.8258363960439987	47.28795837909188	4.559529527738715	53.48738769112119	4.166196321056724
10.499999999999998	30.180691327577016	2.913934582363119	0.0	0.8258363960439987	47.558175284115265	4.559529527738715	53.79302990649903	4.166196321056724
10.559999999999999	30.352172528301885	2.913934582363119	0.0	0.8258363960439987	47.82839218913865	4.559529527738715	54.09867212187687	4.166196321056724
10.62	30.352172528301885	2.913934582363119	0.0	0.8258363960439987	47.82839218913865	4.559529527738715	54.09867212187687	4.166196321056724
10.68	30.352172528301885	2.913934582363119	0.0	0.8258363960439987	47.82839218913865	4.559529527738715	54.09867212187687	4.166196321056724
10.74	30.352172528301885	2.913934582363119	0.0	0.8258363960439987	47.82839218913865	4.559529527738715	54.09867212187687	4.166196321056724
10.8	30.352172528301885	2.913934582363119	0.0	0.8258363960439987	47.82839218913865	4.559529527738715	54.09867212187687	4.166196321056724
10.860000000000001	30.352172528301885	2.913934582363119	0.0	0.8258363960439987	47.82839218913865	4.559529527738715	54.09867212187687	4.166196321056724
10.920000000000002	30.352172528301885	2.913934582363119	0.0	0.8258363960439987	47.82839218913865	4.559529527738715	54.09867212187687	4.166196321056724
10.980000000000002	30.352172528301885	2.913934582363119	0.0	0.8258363960439987	47.82839218913865	4.559529527738715	54.09867212187687	4.166196321056724
11.040000000000003	30.352172528301885	2.913934582363119	0.0	0.8258363960439987	47.82839218913865	4.559529527738715	54.09867212187687	4.166196321056724
11.100000000000003	30.352172528301885	2.913934582363119	0.0	0.8258363960439987	47.82839218913865	4.559529527738715	54.09867212187687	4.166196321056724
11.160000000000004	30.352172528301885	2.913934582363119	0.0	0.8258363960439987	47.82839218913865	4.559529527738715	54.09867212187687	4.166196321056724
11.220000000000004	30.352172528301885	2.913934582363119	0.0	0.8258363960439987	47.82839218913865	4.559529527738715	54.09867212187687	4.166196321056724
11.280000000000005	30.352172528301885	2.913934582363119	0.0	0.8258363960439987	47.82839218913865	4.559529527738715	54.09867212187687	4.166196321056724
11.340000000000005	30.352172528301885	2.913934582363119	0.0	0.8258363960439987	47.82839218913865	4.559529527738715	54.09867212187687	4.166196321056724
11.400000000000006	30.352172528301885	2.913934582363119	0.0	0.8258363960439987	47.82839218913865	4.559529527738715	54.09867212187687	4.166196321056724
11.460000000000006	30.352172528301885	2.913934582363119	0.0	0.8258363960439987	47.82839218913865	4.559529527738715	54.09867212187687	4.166196321056724
11.520000000000007	30.352172528301885	2.913934582363119	0.0	0.8258363960439987	47.82839218913865	4.559529527738715	54.09867212187687	4.166196321056724
11.580000000000007	30.51646461695429	3.0428203866198653	0.0	2.920231498437194	48.12216450408901	4.588350694459708	54.42003488437105	4.222325480211463
11.640000000000008	30.680756705606697	3.0428203866198653	0.0	2.920231498437194	48.415936819039366	4.588350694459708	54.74139764686523	4.222325480211463
11.700000000000008	30.845048794259103	3.0428203866198653	0.0	2.920231498437194	48.709709133989726	4.588350694459708	55.06276040935941	4.222325480211463
11.760000000000009	31.00934088291151	3.0428203866198653	0.0	2.920231498437194	49.003481448940086	4.588350694459708	55.384123171853595	4.222325480211463
11.82000000000001	31.173632971563915	3.0428203866198653	0.0	2.920231498437194	49.297253763890446	4.588350694459708	55.70548593434778	4.222325480211463
11.88000000000001	31.33792506021632	3.0428203866198653	0.0	2.920231498437194	49.591026078840805	4.588350694459708	56.02684869684196	4.222325480211463
11.94000000000001	31.502217148868727	3.0428203866198653	0.0	2.920231498437194	49.884798393791165	4.588350694459708	56.34821145933614	4.222325480211463
12.00000000000001	31.666509237521133	3.0428203866198653	0.0	2.920231498437194	50.178570708741525	4.588350694459708	56.669574221830324	4.222325480211463
12.060000000000011	31.83080132617354	3.0428203866198653	0.0	2.920231498437194	50.472343023691884	4.588350694459708	56.990936984324506	4.222325480211463
12.120000000000012	31.995093414825945	3.0428203866198653	0.0	2.920231498437194	50.766115338642244	4.588350694459708	57.31229974681869	4.222325480211463
12.180000000000012	32.159385503478354	3.0428203866198653	0.0	2.920231498437194	51.059887653592604	4.588350694459708	57.63366250931287	4.222325480211463
12.240000000000013	32.323677592130764	3.0428203866198653	0.0	2.920231498437194	51.353659968542964	4.588350694459708	57.95502527180705	4.222325480211463
12.300000000000013	32.48796968078317	3.0428203866198653	0.0	2.920231498437194	51.64743228349332	4.588350694459708	58.276388034301235	4.222325480211463
12.360000000000014	32.65226176943558	3.0428203866198653	0.0	2.920231498437194	51.94120459844368	4.588350694459708	58.59775079679542	4.222325480211463
12.420000000000014	32.81655385808799	3.0428203866198653	0.0	2.920231498437194	52.23497691339404	4.588350694459708	58.9191135592896	4.222325480211463
12.480000000000015	32.9808459467404	3.0428203866198653	0.0	2.920231498437194	52.5287492283444	4.588350694459708	59.24047632178378	4.222325480211463
12.540000000000015	33.14513803539281	3.0428203866198653	0.0	2.920231498437194	52.82252154329476	4.588350694459708	59.56183908427796	4.222325480211463
12.600000000000016	33.30943012404522	3.0428203866198653	0.0	2.920231498437194	53.11629385824512	4.588350694459708	59.883201846772145	4.222325480211463
12.660000000000016	33.47372221269763	3.0428203866198653	0.0	2.920231498437194	53.41006617319548	4.588350694459708	60.20456460926633	4.222325480211463
12.720000000000017	33.63801430135004	3.0428203866198653	0.0	2.920231498437194	53.70383848814584	4.588350694459708	60.52592737176051	4.222325480211463
12.780000000000017	33.80230639000245	3.0428203866198653	0.0	2.920231498437194	53.9976108030962	4.588350694459708	60.84729013425469	4.222325480211463
12.840000000000018	33.96659847865486	3.0428203866198653	0.0	2.920231498437194	54.29138311804656	4.588350694459708	61.168652896748874	4.222325480211463
12.900000000000018	34.13089056730727	3.0428203866198653	0.0	2.920231498437194	54.58515543299692	4.588350694459708	61.490015659243056	4.222325480211463
12.960000000000019	34.29518265595968	3.0428203866198653	0.0	2.920231498437194	54.87892774794728	4.588350694459708	61.81137842173724	4.222325480211463
13.02000000000002	34.45947474461209	3.0428203866198653	0.0	2.920231498437194	55.17270006289764	4.588350694459708	62.13274118423142	4.222325480211463
13.08000000000002	34.6237668332645	3.0428203866198653	0.0	2.920231498437194	55.466472377848	4.588350694459708	62.4541039467256	4.222325480211463
13.14000000000002	34.78805892191691	3.0428203866198653	0.0	2.920231498437194	55.76024469279836	4.588350694459708	62.775466709219785	4.222325480211463
13.20000000000002	34.952351010569316	3.0428203866198653	0.0	2.920231498437194	56.05401700774872	4.588350694459708	63.09682947171397	4.222325480211463
13.260000000000021	35.116643099221726	3.0428203866198653	0.0	2.920231498437194	56.34778932269908	4.588350694459708	63.41819223420815	4.222325480211463
13.320000000000022	35.280935187874135	3.0428203866198653	0.0	2.920231498437194	56.64156163764944	4.588350694459708	63.73955499670233	4.222325480211463
13.380000000000022	35.445227276526545	3.0428203866198653	0.0	2.920231498437194	56.9353339525998	4.588350694459708	64.06091775919651	4.222325480211463
13.440000000000023	35.609519365178954	3.0428203866198653	0.0	2.920231498437194	57.22910626755016	4.588350694459708	64.3822805216907	4.222325480211463
13.500000000000023	35.773811453831364	3.0428203866198653	0.0	2.920231498437194	57.52287858250052	4.588350694459708	64.70364328418489	4.222325480211463
13.560000000000024	35.93810354248377	3.0428203866198653	0.0	2.920231498437194	57.81665089745088	4.588350694459708	65.02500604667908	4.222325480211463
13.620000000000024	36.10239563113618	3.0428203866198653	0.0	2.920231498437194	58.11042321240124	4.588350694459708	65.34636880917327	4.222325480211463
13.680000000000025	36.26668771978859	3.0428203866198653	0.0	2.920231498437194	58.4041955273516	4.588350694459708	65.66773157166746	4.222325480211463
13.740000000000025	36.430979808441	3.0428203866198653	0.0	2.920231498437194	58.697967842301956	4.588350694459708	65.98909433416165	4.222325480211463
13.800000000000026	36.59527189709341	3.0428203866198653	0.0	2.920231498437194	58.991740157252316	4.588350694459708	66.31045709665584	4.222325480211463
13.860000000000026	36.75956398574582	3.0428203866198653	0.0	2.920231498437194	59.285512472202676	4.588350694459708	66.63181985915003	4.222325480211463
13.920000000000027	36.92385607439823	3.0428203866198653	0.0	2.920231498437194	59.579284787153036	4.588350694459708	66.95318262164422	4.222325480211463
13.980000000000027	37.08814816305064	3.0428203866198653	0.0	2.920231498437194	59.873057102103395	4.588350694459708	67.2745453841384	4.222325480211463
14.040000000000028	37.25244025170305	3.0428203866198653	0.0	2.920231498437194	60.166829417053755	4.588350694459708	67.5959081466326	4.222325480211463
14.100000000000028	37.41673234035546	3.0428203866198653	0.0	2.920231498437194	60.460601732004115	4.588350694459708	67.91727090912678	4.222325480211463
14.160000000000029	37.58102442900787	3.0428203866198653	0.0	2.920231498437194	60.754374046954474	4.588350694459708	68.23863367162097	4.222325480211463
14.220000000000029	37.74531651766028	3.0428203866198653	0.0	2.920231498437194	61.048146361904834	4.588350694459708	68.55999643411516	4.222325480211463
14.28000000000003	37.90960860631269	3.0428203866198653	0.0	2.920231498437194	61.341918676855194	4.588350694459708	68.88135919660935	4.222325480211463
14.34000000000003	38.0739006949651	3.0428203866198653	0.0	2.920231498437194	61.63569099180555	4.588350694459708	69.20272195910354	4.222325480211463
14.40000000000003	38.23819278361751	3.0428203866198653	0.0	2.920231498437194	61.92946330675591	4.588350694459708	69.52408472159773	4.222325480211463
14.460000000000031	38.402484872269916	3.0428203866198653	0.0	2.920231498437194	62.22323562170627	4.588350694459708	69.84544748409192	4.222325480211463
14.520000000000032	38.566776960922326	3.0428203866198653	0.0	2.920231498437194	62.51700793665663	4.588350694459708	70.16681024658611	4.222325480211463
14.580000000000032	38.731069049574735	3.0428203866198653	0.0	2.920231498437194	62.81078025160699	4.588350694459708	70.4881730090803	4.222325480211463
14.640000000000033	38.895361138227145	3.0428203866198653	0.0	2.920231498437194	63.10455256655735	4.588350694459708	70.80953577157449	4.222325480211463
14.700000000000033	39.059653226879554	3.0428203866198653	0.0	2.920231498437194	63.39832488150771	4.588350694459708	71.13089853406868	4.222325480211463
14.760000000000034	39.223945315531964	3.0428203866198653	0.0	2.920231498437194	63.69209719645807	4.588350694459708	71.45226129656287	4.222325480211463
14.820000000000034	39.38823740418437	3.0428203866198653	0.0	2.920231498437194	63.98586951140843	4.588350694459708	71.77362405905706	4.222325480211463
14.880000000000035	39.55252949283678	3.0428203866198653	0.0	2.920231498437194	64.27964182635878	4.588350694459708	72.09498682155125	4.222325480211463
14.940000000000035	39.71682158148919	3.0428203866198653	0.0	2.920231498437194	64.57341414130914	4.588350694459708	72.41634958404543	4.222325480211463
15.000000000000036	39.8811136701416	3.0428203866198653	0.0	2.920231498437194	64.8671864562595	4.588350694459708	72.73771234653962	4.222325480211463
15.060000000000036	40.04540575879401	3.0428203866198653	0.0	2.920231498437194	65.16095877120986	4.588350694459708	73.05907510903381	4.222325480211463
15.120000000000037	40.20969784744642	3.0428203866198653	0.0	2.920231498437194	65.45473108616022	4.588350694459708	73.380437871528	4.222325480211463
15.180000000000037	40.37398993609883	3.0428203866198653	0.0	2.920231498437194	65.74850340111058	4.588350694459708	73.70180063402219	4.222325480211463
15.240000000000038	40.53828202475124	3.0428203866198653	0.0	2.920231498437194	66.04227571606094	4.588350694459708	74.02316339651638	4.222325480211463
15.300000000000038	40.70257411340365	3.0428203866198653	0.0	2.920231498437194	66.3360480310113	4.588350694459708	74.34452615901057	4.222325480211463
15.360000000000039	40.86686620205606	3.0428203866198653	0.0	2.920231498437194	66.62982034596166	4.588350694459708	74.66588892150476	4.222325480211463
15.420000000000039	41.03115829070847	3.0428203866198653	0.0	2.920231498437194	66.92359266091202	4.588350694459708	74.98725168399895	4.222325480211463
15.48000000000004	41.19545037936088	3.0428203866198653	0.0	2.920231498437194	67.21736497586238	4.588350694459708	75.30861444649314	4.222325480211463
15.54000000000004	41.35974246801329	3.0428203866198653	0.0	2.920231498437194	67.51113729081274	4.588350694459708	75.62997720898733	4.222325480211463
15.60000000000004	41.5240345566657	3.0428203866198653	0.0	2.920231498437194	67.8049096057631	4.588350694459708	75.95133997148152	4.222325480211463
15.660000000000041	41.68832664531811	3.0428203866198653	0.0	2.920231498437194	68.09868192071346	4.588350694459708	76.2727027339757	4.222325480211463
15.720000000000041	41.852618733970516	3.0428203866198653	0.0	2.920231498437194	68.39245423566382	4.588350694459708	76.5940654964699	4.222325480211463
15.780000000000042	42.016910822622926	3.0428203866198653	0.0	2.920231498437194	68.68622655061418	4.588350694459708	76.91542825896408	4.222325480211463
15.840000000000042	42.181202911275335	3.0428203866198653	0.0	2.920231498437194	68.97999886556454	4.588350694459708	77.23679102145827	4.222325480211463
15.900000000000043	42.345494999927745	3.0428203866198653	0.0	2.920231498437194	69.2737711805149	4.588350694459708	77.55815378395246	4.222325480211463
15.960000000000043	42.509787088580154	3.0428203866198653	0.0	2.920231498437194	69.56754349546526	4.588350694459708	77.87951654644665	4.222325480211463
16.020000000000042	42.674079177232564	3.0428203866198653	0.0	2.920231498437194	69.86131581041562	4.588350694459708	78.20087930894084	4.222325480211463
16.08000000000004	42.83837126588497	3.0428203866198653	0.0	2.920231498437194	70.15508812536598	4.588350694459708	78.52224207143503	4.222325480211463
16.14000000000004	43.00266335453738	3.0428203866198653	0.0	2.920231498437194	70.44886044031634	4.588350694459708	78.84360483392922	4.222325480211463
16.20000000000004	43.16695544318979	3.0428203866198653	0.0	2.920231498437194	70.7426327552667	4.588350694459708	79.16496759642341	4.222325480211463
16.260000000000037	43.3312475318422	3.0428203866198653	0.0	2.920231498437194	71.03640507021706	4.588350694459708	79.4863303589176	4.222325480211463
16.320000000000036	43.49553962049461	3.0428203866198653	0.0	2.920231498437194	71.33017738516742	4.588350694459708	79.80769312141179	4.222325480211463
16.380000000000035	43.65983170914702	3.0428203866198653	0.0	2.920231498437194	71.62394970011778	4.588350694459708	80.12905588390598	4.222325480211463
16.440000000000033	43.82412379779943	3.0428203866198653	0.0	2.920231498437194	71.91772201506814	4.588350694459708	80.45041864640017	4.222325480211463
16.500000000000032	43.98841588645184	3.0428203866198653	0.0	2.920231498437194	72.2114943300185	4.588350694459708	80.77178140889436	4.222325480211463
16.56000000000003	44.15270797510425	3.0428203866198653	0.0	2.920231498437194	72.50526664496886	4.588350694459708	81.09314417138854	4.222325480211463
16.62000000000003	44.31700006375666	3.0428203866198653	0.0	2.920231498437194	72.79903895991922	4.588350694459708	81.41450693388273	4.222325480211463
16.680000000000028	44.48129215240907	3.0428203866198653	0.0	2.920231498437194	73.09281127486958	4.588350694459708	81.73586969637692	4.222325480211463
16.740000000000027	44.64558424106148	3.0428203866198653	0.0	2.920231498437194	73.38658358981994	4.588350694459708	82.05723245887111	4.222325480211463
16.800000000000026	44.80987632971389	3.0428203866198653	0.0	2.920231498437194	73.6803559047703	4.588350694459708	82.3785952213653	4.222325480211463
16.860000000000024	44.9741684183663	3.0428203866198653	0.0	2.920231498437194	73.97412821972065	4.588350694459708	82.69995798385949	4.222325480211463
16.920000000000023	45.138460507018706	3.0428203866198653	0.0	2.920231498437194	74.26790053467101	4.588350694459708	83.02132074635368	4.222325480211463
16.98000000000002	45.302752595671116	3.0428203866198653	0.0	2.920231498437194	74.56167284962137	4.588350694459708	83.34268350884787	4.222325480211463
17.04000000000002	45.467044684323525	3.0428203866198653	0.0	2.920231498437194	74.85544516457173	4.588350694459708	83.66404627134206	4.222325480211463
17.10000000000002	45.631336772975935	3.0428203866198653	0.0	2.920231498437194	75.1492174795221	4.588350694459708	83.98540903383625	4.222325480211463
17.160000000000018	45.795628861628344	3.0428203866198653	0.0	2.920231498437194	75.44298979447245	4.588350694459708	84.30677179633044	4.222325480211463
17.220000000000017	45.959920950280754	3.0428203866198653	0.0	2.920231498437194	75.73676210942281	4.588350694459708	84.62813455882463	4.222325480211463
17.280000000000015	46.12421303893316	3.0428203866198653	0.0	2.920231498437194	76.03053442437317	4.588350694459708	84.94949732131882	4.222325480211463
17.340000000000014	46.28850512758557	3.0428203866198653	0.0	2.920231498437194	76.32430673932353	4.588350694459708	85.270860083813	4.222325480211463
17.400000000000013	46.45279721623798	3.0428203866198653	0.0	2.920231498437194	76.61807905427389	4.588350694459708	85.5922228463072	4.222325480211463
17.46000000000001	46.61708930489039	3.0428203866198653	0.0	2.920231498437194	76.91185136922425	4.588350694459708	85.91358560880138	4.222325480211463
17.52000000000001	46.7813813935428	3.0428203866198653	0.0	2.920231498437194	77.20562368417461	4.588350694459708	86.23494837129557	4.222325480211463
17.58000000000001	46.94567348219521	3.0428203866198653	0.0	2.920231498437194	77.49939599912497	4.588350694459708	86.55631113378976	4.222325480211463
17.640000000000008	47.10996557084762	3.0428203866198653	0.0	2.920231498437194	77.79316831407533	4.588350694459708	86.87767389628395	4.222325480211463
17.700000000000006	47.27425765950003	3.0428203866198653	0.0	2.920231498437194	78.08694062902569	4.588350694459708	87.19903665877814	4.222325480211463
17.760000000000005	47.43854974815244	3.0428203866198653	0.0	2.920231498437194	78.38071294397605	4.588350694459708	87.52039942127233	4.222325480211463
17.820000000000004	47.60284183680485	3.0428203866198653	0.0	2.920231498437194	78.67448525892641	4.588350694459708	87.84176218376652	4.222325480211463
17.880000000000003	47.76713392545726	3.0428203866198653	0.0	2.920231498437194	78.96825757387677	4.588350694459708	88.16312494626071	4.222325480211463
17.94	47.93142601410967	3.0428203866198653	0.0	2.920231498437194	79.26202988882713	4.588350694459708	88.4844877087549	4.222325480211463
18.0	48.09571810276208	3.0428203866198653	0.0	2.920231498437194	79.55580220377749	4.588350694459708	88.80585047124909	4.222325480211463
18.06	48.26001019141449	3.0428203866198653	0.0	2.920231498437194	79.84957451872785	4.588350694459708	89.12721323374328	4.222325480211463
18.119999999999997	48.4243022800669	3.0428203866198653	0.0	2.920231498437194	80.14334683367821	4.588350694459708	89.44857599623747	4.222325480211463
18.179999999999996	48.588594368719306	3.0428203866198653	0.0	2.920231498437194	80.43711914862857	4.588350694459708	89.76993875873166	4.222325480211463
18.239999999999995	48.752886457371716	3.0428203866198653	0.0	2.920231498437194	80.73089146357893	4.588350694459708	90.09130152122584	4.222325480211463
18.299999999999994	48.917178546024125	3.0428203866198653	0.0	2.920231498437194	81.02466377852929	4.588350694459708	90.41266428372003	4.222325480211463
18.359999999999992	49.081470634676535	3.0428203866198653	0.0	2.920231498437194	81.31843609347965	4.588350694459708	90.73402704621422	4.222325480211463
18.41999999999999	49.245762723328944	3.0428203866198653	0.0	2.920231498437194	81.61220840843	4.588350694459708	91.05538980870841	4.222325480211463
18.47999999999999	49.410054811981354	3.0428203866198653	0.0	2.920231498437194	81.90598072338037	4.588350694459708	91.3767525712026	4.222325480211463
18.53999999999999	49.57434690063376	3.0428203866198653	0.0	2.920231498437194	82.19975303833073	4.588350694459708	91.69811533369679	4.222325480211463
18.599999999999987	49.73863898928617	3.0428203866198653	0.0	2.920231498437194	82.49352535328109	4.588350694459708	92.01947809619098	4.222325480211463
18.659999999999986	49.90293107793858	3.0428203866198653	0.0	2.920231498437194	82.78729766823145	4.588350694459708	92.34084085868517	4.222325480211463
18.719999999999985	50.06722316659099	3.0428203866198653	0.0	2.920231498437194	83.0810699831818	4.588350694459708	92.66220362117936	4.222325480211463
18.779999999999983	50.2315152552434	3.0428203866198653	0.0	2.920231498437194	83.37484229813217	4.588350694459708	92.98356638367355	4.222325480211463
18.839999999999982	50.39580734389581	3.0428203866198653	0.0	2.920231498437194	83.66861461308253	4.588350694459708	93.30492914616774	4.222325480211463
18.89999999999998	50.56009943254822	3.0428203866198653	0.0	2.920231498437194	83.96238692803288	4.588350694459708	93.62629190866193	4.222325480211463
18.95999999999998	50.72439152120063	3.0428203866198653	0.0	2.920231498437194	84.25615924298324	4.588350694459708	93.94765467115612	4.222325480211463
19.01999999999998	50.88868360985304	3.0428203866198653	0.0	2.920231498437194	84.5499315579336	4.588350694459708	94.2690174336503	4.222325480211463
19.079999999999977	51.05297569850545	3.0428203866198653	0.0	2.920231498437194	84.84370387288396	4.588350694459708	94.5903801961445	4.222325480211463
19.139999999999976	51.21726778715786	3.0428203866198653	0.0	2.920231498437194	85.13747618783432	4.588350694459708	94.91174295863868	4.222325480211463
19.199999999999974	51.38155987581027	3.0428203866198653	0.0	2.920231498437194	85.43124850278468	4.588350694459708	95.23310572113287	4.222325480211463
19.259999999999973	51.54585196446268	3.0428203866198653	0.0	2.920231498437194	85.72502081773504	4.588350694459708	95.55446848362706	4.222325480211463
19.319999999999972	51.71014405311509	3.0428203866198653	0.0	2.920231498437194	86.0187931326854	4.588350694459708	95.87583124612125	4.222325480211463
19.37999999999997	51.8744361417675	3.0428203866198653	0.0	2.920231498437194	86.31256544763576	4.588350694459708	96.19719400861544	4.222325480211463
19.43999999999997	52.038728230419906	3.0428203866198653	0.0	2.920231498437194	86.60633776258612	4.588350694459708	96.51855677110963	4.222325480211463
19.499999999999968	52.203020319072316	3.0428203866198653	0.0	2.920231498437194	86.90011007753648	4.588350694459708	96.83991953360382	4.222325480211463
19.559999999999967	52.367312407724725	3.0428203866198653	0.0	2.920231498437194	87.19388239248684	4.588350694459708	97.16128229609801	4.222325480211463
19.619999999999965	52.531604496377135	3.0428203866198653	0.0	2.920231498437194	87.4876547074372	4.588350694459708	97.4826450585922	4.222325480211463
19.679999999999964	52.695896585029544	3.0428203866198653	0.0	2.920231498437194	87.78142702238756	4.588350694459708	97.80400782108639	4.222325480211463
19.739999999999963	52.860188673681954	3.0428203866198653	0.0	2.920231498437194	88.07519933733792	4.588350694459708	98.12537058358058	4.222325480211463
19.79999999999996	53.02448076233436	3.0428203866198653	0.0	2.920231498437194	88.36897165228828	4.588350694459708	98.44673334607477	4.222325480211463
19.85999999999996	53.18877285098677	3.0428203866198653	0.0	2.920231498437194	88.66274396723864	4.588350694459708	98.76809610856895	4.222325480211463
19.91999999999996	53.35306493963918	3.0428203866198653	0.0	2.920231498437194	88.956516282189	4.588350694459708	99.08945887106314	4.222325480211463
19.979999999999958	53.51735702829159	3.0428203866198653	0.0	2.920231498437194	89.25028859713936	4.588350694459708	99.41082163355733	4.222325480211463
20.039999999999957	53.681649116944	3.0428203866198653	0.0	2.920231498437194	89.54406091208972	4.588350694459708	99.73218439605152	4.222325480211463
20.099999999999955	53.84594120559641	3.0428203866198653	0.0	2.920231498437194	89.83783322704008	4.588350694459708	100.05354715854571	4.222325480211463
20.159999999999954	54.01023329424882	3.0428203866198653	0.0	2.920231498437194	90.13160554199044	4.588350694459708	100.3749099210399	4.222325480211463
20.219999999999953	54.17452538290123	3.0428203866198653	0.0	2.920231498437194	90.4253778569408	4.588350694459708	100.69627268353409	4.222325480211463
20.27999999999995	54.33881747155364	3.0428203866198653	0.0	2.920231498437194	90.71915017189116	4.588350694459708	101.01763544602828	4.222325480211463
20.33999999999995	54.50310956020605	3.0428203866198653	0.0	2.920231498437194	91.01292248684152	4.588350694459708	101.33899820852247	4.222325480211463
20.39999999999995	54.66740164885846	3.0428203866198653	0.0	2.920231498437194	91.30669480179188	4.588350694459708	101.66036097101666	4.222325480211463
20.459999999999948	54.83169373751087	3.0428203866198653	0.0	2.920231498437194	91.60046711674224	4.588350694459708	101.98172373351085	4.222325480211463
20.519999999999946	54.99598582616328	3.0428203866198653	0.0	2.920231498437194	91.8942394316926	4.588350694459708	102.30308649600504	4.222325480211463
20.579999999999945	55.16027791481569	3.0428203866198653	0.0	2.920231498437194	92.18801174664296	4.588350694459708	102.62444925849923	4.222325480211463
20.639999999999944	55.3245700034681	3.0428203866198653	0.0	2.920231498437194	92.48178406159332	4.588350694459708	102.94581202099342	4.222325480211463
20.699999999999942	55.488862092120506	3.0428203866198653	0.0	2.920231498437194	92.77555637654368	4.588350694459708	103.2671747834876	4.222325480211463
20.75999999999994	55.653154180772916	3.0428203866198653	0.0	2.920231498437194	93.06932869149404	4.588350694459708	103.5885375459818	4.222325480211463
20.81999999999994	55.817446269425325	3.0428203866198653	0.0	2.920231498437194	93.3631010064444	4.588350694459708	103.90990030847598	4.222325480211463
20.87999999999994	55.981738358077735	3.0428203866198653	0.0	2.920231498437194	93.65687332139476	4.588350694459708	104.23126307097017	4.222325480211463
20.939999999999937	56.146030446730144	3.0428203866198653	0.0	2.920231498437194	93.95064563634512	4.588350694459708	104.55262583346436	4.222325480211463
20.999999999999936	56.310322535382554	3.0428203866198653	0.0	2.920231498437194	94.24441795129547	4.588350694459708	104.87398859595855	4.222325480211463
21.059999999999935	56.47461462403496	3.0428203866198653	0.0	2.920231498437194	94.53819026624583	4.588350694459708	105.19535135845274	4.222325480211463
21.119999999999933	56.63890671268737	3.0428203866198653	0.0	2.920231498437194	94.8319625811962	4.588350694459708	105.51671412094693	4.222325480211463
21.179999999999932	56.80319880133978	3.0428203866198653	0.0	2.920231498437194	95.12573489614655	4.588350694459708	105.83807688344112	4.222325480211463
21.23999999999993	56.96749088999219	3.0428203866198653	0.0	2.920231498437194	95.41950721109691	4.588350694459708	106.15943964593531	4.222325480211463
21.29999999999993	57.1317829786446	3.0428203866198653	0.0	2.920231498437194	95.71327952604727	4.588350694459708	106.4808024084295	4.222325480211463
21.35999999999993	57.29607506729701	3.0428203866198653	0.0	2.920231498437194	96.00705184099763	4.588350694459708	106.80216517092369	4.222325480211463
21.419999999999927	57.46036715594942	3.0428203866198653	0.0	2.920231498437194	96.30082415594799	4.588350694459708	107.12352793341788	4.222325480211463
21.479999999999926	57.62465924460183	3.0428203866198653	0.0	2.920231498437194	96.59459647089835	4.588350694459708	107.44489069591206	4.222325480211463
21.539999999999925	57.78895133325424	3.0428203866198653	0.0	2.920231498437194	96.88836878584871	4.588350694459708	107.76625345840625	4.222325480211463
21.599999999999923	57.95324342190665	3.0428203866198653	0.0	2.920231498437194	97.18214110079907	4.588350694459708	108.08761622090044	4.222325480211463
21.659999999999922	58.11753551055906	3.0428203866198653	0.0	2.920231498437194	97.47591341574943	4.588350694459708	108.40897898339463	4.222325480211463
21.71999999999992	58.28182759921147	3.0428203866198653	0.0	2.920231498437194	97.76968573069979	4.588350694459708	108.73034174588882	4.222325480211463
21.77999999999992	58.44611968786388	3.0428203866198653	0.0	2.920231498437194	98.06345804565015	4.588350694459708	109.05170450838301	4.222325480211463
21.839999999999918	58.61041177651629	3.0428203866198653	0.0	2.920231498437194	98.35723036060051	4.588350694459708	109.3730672708772	4.222325480211463
21.899999999999917	58.774703865168696	3.0428203866198653	0.0	2.920231498437194	98.65100267555087	4.588350694459708	109.69443003337139	4.222325480211463
21.959999999999916	58.938995953821106	3.0428203866198653	0.0	2.920231498437194	98.94477499050123	4.588350694459708	110.01579279586558	4.222325480211463
22.019999999999914	59.103288042473515	3.0428203866198653	0.0	2.920231498437194	99.23854730545159	4.588350694459708	110.33715555835977	4.222325480211463
22.079999999999913	59.267580131125925	3.0428203866198653	0.0	2.920231498437194	99.53231962040195	4.588350694459708	110.65851832085396	4.222325480211463
22.13999999999991	59.431872219778334	3.0428203866198653	0.0	2.920231498437194	99.82609193535231	4.588350694459708	110.97988108334815	4.222325480211463
22.19999999999991	59.431872219778334	3.0428203866198653	0.0	2.920231498437194	99.82609193535231	4.588350694459708	110.97988108334815	4.222325480211463
22.25999999999991	59.431872219778334	3.0428203866198653	0.0	2.920231498437194	99.82609193535231	4.588350694459708	110.97988108334815	4.222325480211463
22.319999999999908	59.431872219778334	3.0428203866198653	0.0	2.920231498437194	99.82609193535231	4.588350694459708	110.97988108334815	4.222325480211463
22.379999999999907	59.431872219778334	3.0428203866198653	0.0	2.920231498437194	99.82609193535231	4.588350694459708	110.97988108334815	4.222325480211463
22.439999999999905	59.431872219778334	3.0428203866198653	0.0	2.920231498437194	99.82609193535231	4.588350694459708	110.97988108334815	4.222325480211463
22.499999999999904	59.431872219778334	3.0428203866198653	0.0	2.920231498437194	99.82609193535231	4.588350694459708	110.97988108334815	4.222325480211463
22.559999999999903	59.431872219778334	3.0428203866198653	0.0	2.920231498437194	99.82609193535231	4.588350694459708	110.97988108334815	4.222325480211463
22.6199999999999	59.431872219778334	3.0428203866198653	0.0	2.920231498437194	99.82609193535231	4.588350694459708	110.97988108334815	4.222325480211463
22.6799999999999	59.431872219778334	3.0428203866198653	0.0	2.920231498437194	99.82609193535231	4.588350694459708	110.97988108334815	4.222325480211463
22.7399999999999	59.431872219778334	3.0428203866198653	0.0	2.920231498437194	99.82609193535231	4.588350694459708	110.97988108334815	4.222325480211463
22.799999999999898	59.431872219778334	3.0428203866198653	0.0	2.920231498437194	99.82609193535231	4.588350694459708	110.97988108334815	4.222325480211463
22.859999999999896	59.431872219778334	3.0428203866198653	0.0	2.920231498437194	99.82609193535231	4.588350694459708	110.97988108334815	4.222325480211463
22.919999999999895	59.431872219778334	3.0428203866198653	0.0	2.920231498437194	99.82609193535231	4.588350694459708	110.97988108334815	4.222325480211463
22.979999999999894	59.431872219778334	3.0428203866198653	0.0	2.920231498437194	99.82609193535231	4.588350694459708	110.97988108334815	4.222325480211463
23.039999999999893	59.431872219778334	3.0428203866198653	0.0	2.920231498437194	99.82609193535231	4.588350694459708	110.97988108334815	4.222325480211463
23.09999999999989	59.431872219778334	3.0428203866198653	0.0	2.920231498437194	99.82609193535231	4.588350694459708	110.97988108334815	4.222325480211463
