0.0	0.0	0.0	0.0	200.0	0.0	0.0	0.0	100.0	0.0
0.06	4.4451733084635805	7.698475097283634	0.0	204.31558730465895	14.89691999805747	0.0	0.845950858076634	107.6336820953813	0.0
0.12	8.610381211661917	15.551953797127851	0.0	208.09220512176717	29.93951542159256	0.0	1.4166003994295693	115.29286575218046	0.0
0.18	12.490226183123184	23.55025909032588	0.0	211.32495948321656	45.10829317232738	0.0	1.711209142122442	122.96762574037258	0.0
0.24	16.079680486795013	31.683026292676203	0.0	214.00966119181732	60.38359663734876	0.0	1.7293953144587135	130.64801664518737	0.0
0.3	19.374092692286894	39.9397164761625	0.0	216.14283124991118	75.74563116132734	0.0	1.4711353497044684	138.32408575497465	0.0
0.36	22.369193702472842	48.309630125929516	0.0	217.7217053676655	91.17448969762043	0.0	0.9367639166273989	145.98588595852584	0.0
0.42	25.06110228564387	56.78192100535661	0.0	218.74423754520592	106.65017860501814	0.0	0.12697348581309598	153.62348863513762	0.0
0.48	27.446330105041	65.34561021126237	0.0	219.20910272394605	122.15264355670413	0.0	-0.9571865676798836	161.2269965207149	0.0
0.54	29.521786239251384	73.98960040102666	0.0	219.11569850367755	137.6617955278563	0.0	-2.314311324163441	168.78655653323975	0.0
0.6000000000000001	31.284781187610037	82.70269017319329	0.0	218.464145923197	153.15753682821128	0.0	-3.9426421398989646	176.29237254098678	0.0
0.6600000000000001	32.73303035541602	91.47358858291862	0.0	217.25528930345604	168.61978714585803	0.0	-5.840068926053647	183.73471805693862	0.0
0.7200000000000002	33.864657014447744	100.29092977345569	0.0	215.49069515343996	184.02850956851157	0.0	-8.004132883080189	191.1039488429518	0.0
0.7800000000000002	34.67819473493972	109.14328770471387	0.0	213.17265014019108	199.3637365485471	0.0	-10.432029686976904	198.39051540733956	0.0
0.8400000000000003	35.172589285870544	118.01919095980759	0.0	210.30415812560852	214.60559577814684	0.0	-13.120613123299108	205.5849753796766	0.0
0.9000000000000004	35.34720000109857	126.90713761040698	0.0	206.8889362738634	229.7343359410296	0.0	-16.066399164212726	212.67800574678938	0.0
0.9600000000000004	35.20180060957583	135.7956101216272	0.0	202.93141023447453	244.73035230739222	0.0	-19.265570483306703	219.66041493407653	0.0
1.0200000000000005	34.736579528563254	144.67309027714177	0.0	198.43670840728578	259.5742121388958	0.0	-22.71398140231375	226.52315471650303	0.0
1.0800000000000005	33.952139619468625	153.52807410517855	0.0	193.41065529677792	274.2466798707742	0.0	-26.40716326332921	233.25733194383318	0.0
1.1400000000000006	32.84949740662242	162.34908678605726	0.0	187.85976396432608	288.72874203843423	0.0	-30.340330219566084	239.85422006490907	0.0
1.2000000000000006	31.43008176000447	171.1246975219496	0.0	181.79122758818346	303.00163191624426	0.0	-34.50838543714286	246.3052704360391	0.0
1.2600000000000007	29.695732043628652	179.84353434959354	0.0	175.21291014212932	317.0468538365842	0.0	-38.90592769986671	252.6021233988439	0.0
1.3200000000000007	27.64869573198436	188.49429887676587	0.0	168.13333620485957	330.8462071576421	0.0	-43.52725840845375	258.73661911320346	0.0
1.3800000000000008	25.291625497624324	197.06578092341726	0.0	160.56167991332603	344.3818098488981	0.0	-48.36638896511607	264.7008081312681	0.0
1.4400000000000008	22.627575773672135	205.54687304849665	0.0	152.50775307433855	357.6361216637339	0.0	-53.417048533946485	270.4869616988299	0.0
1.5000000000000009	19.65999879570441	213.9265849436401	0.0	143.98199244983726	370.59196686913685	0.0	-58.67269216704395	276.08758177070655	0.0
1.560000000000001	16.392740128136722	222.19405767507243	0.0	134.99544623230935	383.23255650304606	0.0	-64.12650928585009	281.49541072715874	0.0
1.620000000000001	12.830033680910333	230.3385777552653	0.0	125.55975972787814	395.5415101304976	0.0	-69.77143250670585	286.7034407787492	0.0
1.680000000000001	8.97649622293747	238.3495910261177	0.0	115.68716026561634	407.5028770703756	0.0	-75.60014679919146	291.7049230474571	0.0
1.740000000000001	4.8371213994151105	246.21671633566768	0.0	105.39044135263867	419.1011570652621	0.0	-81.60509896538213	296.49337631227945	0.0
1.8000000000000012	0.4172732607594867	253.92975899061236	0.0	94.68294609550742	430.32132036760186	0.0	-87.77850742773528	301.06259540798635	0.0
1.8600000000000012	-4.277320688452278	261.47872396720334	0.0	83.578549909434	441.14882721615083	0.0	-94.11237231292604	305.40665926614645	0.0
1.9200000000000013	-9.240576911526517	268.8538288633989	0.0	72.09164253768245	451.5696466774724	0.0	-100.5984858185633	309.51993858800336	0.0
1.9800000000000013	-14.46606372306519	276.0455165754877	0.0	60.2371094044766	461.570274828063	0.0	-107.22844284935286	313.39710313925855	0.0
2.0400000000000014	-19.94700962352988	283.04446768275744	0.0	48.03031232557356	471.13775225354675	0.0	-113.99365190892455	317.03312865730913	0.0
2.1000000000000014	-25.676312074157465	289.84161252416004	0.0	35.48706960150031	480.25968084226315	0.0	-120.88534623320905	320.4233033619889	0.0
2.1600000000000015	-31.646546700856305	296.4281429513227	0.0	22.62363551925057	488.92423985148423	0.0	-127.89459515093709	323.5632340613761	0.0
2.2200000000000015	-37.84997691515591	302.7955237426754	0.0	9.456679289003489	497.12020122544254	0.0	-135.01231565653947	326.44885184475515	0.0
2.2800000000000016	-44.278563939742725	308.9355036639038	0.0	-3.996736556839352	504.83694414532033	0.0	-142.22928418045097	329.07641735535543	0.0
2.3400000000000016	-50.923977225590534	314.8401261603933	0.0	-17.719178274308177	512.0644687923436	0.0	-149.53614854156567	331.4425256360345	0.0
2.4000000000000017	-57.777605247185846	320.5017396678112	0.0	-31.692863499556864	518.7934093061485	0.0	-156.9234400663545	333.54411054162574	0.0
2.4600000000000017	-64.8305666618599	325.91300752746224	0.0	-45.8996842923178	525.0150459216247	0.0	-164.38158585894115	335.3784487122333	0.0
2.520000000000002	-72.07372181876548	331.06691749357196	0.0	-60.321230601257895	530.7213162685111	0.0	-171.90092120623504	336.9431631023258	0.0
2.580000000000002	-79.49768460258542	335.95679082017557	0.0	-74.93881412082862	535.9048258190986	0.0	-179.47170210204695	338.236226061054	0.0
2.640000000000002	-87.09283459662421	340.57629091583806	0.0	-89.73349250869414	540.5588574705041	0.0	-187.0841178739572	339.25596195980313	0.0
2.700000000000002	-94.84932954952161	344.9194315549897	0.0	-104.68609393235586	544.6773802490945	0.0	-194.728303896574	340.00104936357263	0.0
2.760000000000002	-102.75711812943284	348.9805846352366	0.0	-119.777241913164	548.2550571257854	0.0	-202.39435437470723	340.470522743371	0.0
2.820000000000002	-110.80595294914791	352.75448747059363	0.0	-134.98738043552206	551.287251932083	0.0	-210.0723351798926	340.6637737274065	0.0
2.880000000000002	-118.98540384527107	356.236249611189	0.0	-150.2967992887457	553.7700353679105	0.0	-217.75229672363182	340.58055188945167	0.0
2.940000000000002	-127.28487139425286	359.42135918060274	0.0	-165.6856596087373	555.7001900934303	0.0	-225.42428685066662	340.2209650733605	0.0
3.000000000000002	-135.69360064775955	362.305688722627	0.0	-181.13401958637715	557.075214898266	0.0	-233.07836373557905	339.5854792533182	0.0
3.0600000000000023	-144.20069506958072	364.88550054987184	0.0	-196.62186030931684	557.8933279427221	0.0	-240.70460876600586	338.6749179300038	0.0
3.1200000000000023	-152.79513065601526	367.1574515872845	0.0	-212.1291117036879	558.1534690667976	0.0	-248.29313939577176	337.49046106344827	0.0
3.1800000000000024	-161.46577022143717	369.1185977043074	0.0	-227.63567854210842	557.8553011640054	0.0	-255.83412195128614	336.0336435439717	0.0
3.2400000000000024	-170.20137783052928	370.7663975300585	0.0	-243.1214664842852	556.9992106182153	0.0	-263.3177843746077	334.3063532031805	0.0
3.3000000000000025	-178.9906333584829	372.09871574659303	0.0	-258.5664081164663	555.5863068029548	0.0	-270.73442888666386	332.3108283676013	0.0
3.3600000000000025	-187.82214716029515	373.1138258559762	0.0	-273.9504889560005	553.6184206438157	0.0	-278.07444455421495	330.0496549581235	0.0
3.4200000000000026	-196.6844748301549	373.81041241758294	0.0	-289.253773387306	551.0981022458309	0.0	-285.3283197442788	327.5257631390074	0.0
3.4800000000000026	-205.5661320317907	374.18757275272526	0.0	-304.45643049563733	548.0286175888954	0.0	-292.4866544498758	324.74242352080194	0.0
3.5400000000000027	-214.45560938056326	374.2448181143967	0.0	-319.53875976517566	544.4139442955137	0.0	-299.54017247112176	321.7032429220905	0.0
3.6000000000000028	-223.3413873580172	373.98207432062077	0.0	-334.48121660813985	540.2587664763573	0.0	-306.47973343588546	318.41215969555947	0.0
3.660000000000003	-232.21195123956454	373.3996818505801	0.0	-349.264437691837	535.568468660313	0.0	-313.296344644431	314.8734386244439	0.0
3.720000000000003	-241.05580601595636	372.49839540340304	0.0	-363.8692660308311	530.349128816887	0.0	-319.9811727226983	311.0916653959657	0.0
3.780000000000003	-249.8614912892056	371.2793829201794	0.0	-378.2767758117151	524.6075104800076	0.0	-326.52555506911966	307.0717406589247	0.0
3.840000000000003	-258.617596123659	369.744224070472	0.0	-392.46829691831624	518.351053983431	0.0	-332.92101108013856	302.81887367314334	0.0
3.900000000000003	-267.31277383297265	367.89490820528613	0.0	-406.4254391255532	511.58786681911124	0.0	-339.1592531398852	298.33857555899584	0.0
3.960000000000003	-275.93575668382937	365.7338317791494	0.0	-420.13011593059457	504.3267131310241	0.0	-345.2321973597667	293.6366521557668	0.0
4.020000000000003	-284.475370497344	363.2637952446415	0.0	-433.56456799043417	496.5770023580643	0.0	-351.1319740540554	288.7191964980964	0.0
4.080000000000003	-292.92054912923516	360.4879994234	0.0	-446.71138613551466	488.3487770407287	0.0	-356.8509379378995	283.5925809202603	0.0
4.140000000000002	-301.2603488099997	357.4100413583035	0.0	-459.5535339295743	479.65269980739026	0.0	-362.38167803454314	278.2634487985162	0.0
4.200000000000002	-309.483962326506	354.0339096522073	0.0	-472.07436974648414	470.50003955702346	0.0	-367.7170272789141	272.7387059422182	0.0
4.260000000000002	-317.5807330266297	350.36397929927244	0.0	-484.2576683354661	460.90265685628844	0.0	-372.85007180513765	267.0255116448542	0.0
4.320000000000001	-325.54016862878314	346.40500601558585	0.0	-496.08764184674715	450.87298856989696	0.0	-377.7741599059387	261.1312694066038	0.0
4.380000000000001	-333.35195481844426	342.1621200764174	0.0	-507.5489602904029	440.4240317441762	0.0	-382.48291065232365	255.0636173404381	0.0
4.44	-341.00596861406405	337.64081966810176	0.0	-518.6267714018788	429.5693267647159	0.0	-386.9702221623711	248.83041827419441	0.0
4.5	-348.4922914850341	332.846963763158	0.0	-529.3067198884464	418.3229398099237	0.0	-391.23027950841697	242.43974956145183	0.0
4.56	-355.801222204714	327.7867645278816	0.0	-539.5749660316538	406.6994446232269	0.0	-395.25756225238666	235.89989261441167	0.0
4.619999999999999	-362.92328942186333	322.46677927224596	0.0	-549.418203621663	394.71390362754016	0.0	-399.04685159951043	229.2193221723461	0.0
4.679999999999999	-369.849263934187	316.8939019525469	0.0	-558.8236772002363	382.38184840647415	0.0	-402.5932371611506	222.40669531952233	0.0
4.739999999999998	-376.5701706480901	311.07535423780007	0.0	-567.779198590024	369.71925957757696	0.0	-405.89212331797853	215.47084026683305	0.0
4.799999999999998	-383.07730020914244	305.0186761514683	0.0	-576.2731626887376	356.7425460836901	0.0	-408.9392351752533	208.42074491167077	0.0
4.859999999999998	-389.36222028818366	298.73171630064707	0.0	-584.2945625077366	343.4685239292555	0.0	-411.73062410248787	201.26554519087063	0.0
4.919999999999997	-395.4167865084409	292.2226217053679	0.0	-591.8330034355465	329.91439438912727	0.0	-414.2626728503206	194.01451324181505	0.0
4.979999999999997	-401.2331529995017	285.4998272412006	0.0	-598.8787167078199	316.0977217181269	0.0	-416.53210023796487	186.67704538704146	0.0
5.0399999999999965	-406.80378256446363	278.5720447088353	0.0	-605.4225720662877	302.0364103902275	0.0	-418.5359654051597	179.26264995792326	0.0
5.099999999999996	-412.12145644708664	271.44825154480793	0.0	-611.456089590296	287.74868189686146	0.0	-420.2716716231133	171.7809349732033	0.0
5.159999999999996	-417.1792836862909	264.1376791879992	0.0	-616.9714506855967	273.2530511344178	0.0	-421.73696965950023	164.2415956883464	0.0
5.219999999999995	-421.97071004587787	256.6498011169815	0.0	-621.9615082161507	258.56830241152784	0.0	-422.9299606931511	156.65440203184505	0.0
5.279999999999995	-426.48952650790284	248.99432057371672	0.0	-626.4197957658171	243.71346510723032	0.0	-423.84909877465964	149.0291859447596	0.0
5.3399999999999945	-430.7298773186934	241.181157989513	0.0	-630.3405360179217	228.7077890115596	0.0	-424.4931928297167	141.37582863989883	0.0
5.399999999999994	-434.6862675770866	233.22043812953393	0.0	-633.7186482418526	213.57071938051186	0.0	-424.86140820257555	133.70424779715094	0.0
5.459999999999994	-438.3535703550516	225.12247697252022	0.0	-636.5497548769746	198.32187173771516	0.0	-424.95326773764907	126.02438471155874	0.0
5.519999999999993	-441.72703334147104	216.89776834272482	0.0	-638.8301872053357	182.981006455456	0.0	-424.7686523978367	118.34619141079249	0.0
5.579999999999993	-444.8022850004711	208.55697031138567	0.0	-640.5569901058122	167.5680031480028	0.0	-424.3078014187796	110.67961775871504	0.0
5.639999999999993	-447.5753402363198	200.11089138535704	0.0	-641.7279258835321	152.1028349104079	0.0	-423.5713119988452	103.0345985617509	0.0
5.699999999999992	-450.0426055575537	191.57047650079727	0.0	-642.3414771696134	136.60554243617207	0.0	-422.5601385252411	95.42104069476746	0.0
5.759999999999992	-452.2008837336399	182.9467928400637	0.0	-642.3968488874634	121.09620804731057	0.0	-421.27559133726334	87.84881026315193	0.0
5.819999999999991	-454.0473779381389	174.25101549019297	0.0	-641.8939692830859	105.59492967047471	0.0	-419.7193350282798	80.32771981771953	0.0
5.879999999999991	-455.5796953730007	165.49441296155254	0.0	-640.8334900180638	90.1217947928516	0.0	-417.89338628865016	72.86751563902101	0.0
5.939999999999991	-456.79585036929575	156.68833258542836	0.0	-639.216785325098	74.69685443159247	0.0	-415.8001112923778	65.47786510752721	0.0
5.99999999999999	-457.6942669603643	147.8441858094716	0.0	-637.0459502271935	59.340097150500725	0.0	-413.44222263087886	58.16834417605702	0.0
6.05999999999999	-458.27378092404854	138.97343341005993	0.0	-634.3237978228028	44.07142315765091	0.0	-410.8227757978441	50.948424960682814	0.0
6.1199999999999894	-458.53364129136145	130.0875706407351	0.0	-631.0538556404442	28.910618517504332	0.0	-407.94516522974607	43.82746346619372	0.0
6.179999999999989	-458.4735113196375	121.19811233596343	0.0	-627.2403610675185	13.877329510938722	0.0	-404.81311990712516	36.814687462022874	0.0
6.239999999999989	-458.0934689289041	112.31657798952202	0.0	-622.8882558592483	-1.0089628235817827	0.0	-401.43069852235215	29.919184524349916	0.0
6.299999999999988	-457.39400660090826	103.45447682684689	0.0	-618.003179734854	-15.728967934706333	0.0	-397.8022842201316	23.149890259873956	0.0
6.359999999999988	-456.37603074092885	94.6232928906879	0.0	-612.5914630692683	-30.263610756051463	0.0	-393.9325789175591	16.515576726518148	0.0
6.4199999999999875	-455.04086050320257	85.83447015939657	0.0	-606.6601186898554	-44.594056424817836	0.0	-389.82659721109536	10.02484106607018	0.0
6.479999999999987	-453.39022608148446	77.09939771713186	0.0	-600.2168327887682	-58.701734689135776	0.0	-385.48965987835066	3.686094363490028	0.0
6.539999999999987	-451.4262664669591	68.42939499520111	0.0	-593.2699549627198	-72.56836397251303	0.0	-380.927386983102	-2.492449252679222	0.0
6.599999999999986	-449.15152667640723	59.835697103661445	0.0	-585.828487393074	-86.17597506419884	0.0	-376.1456905924771	-8.502783254671982	0.0
6.659999999999986	-446.56895445422043	51.32944027218956	0.0	-577.9020731802791	-99.50693440476618	0.0	-371.15076711574255	-14.337119090839792	0.0
6.7199999999999855	-443.68189645253676	42.92164741908668	0.0	-569.5009838477581	-112.54396693673684	0.0	-365.94908927462495	-19.987896278524005	0.0
6.779999999999985	-440.49409389444816	34.6232138671195	0.0	-560.6361060314534	-125.27017849063768	0.0	-360.54739771556956	-25.447792201383095	0.0
6.839999999999985	-437.0096777258988	26.444893224706206	0.0	-551.318927372269	-137.6690776774806	0.0	-354.95269227480543	-30.709731598478896	0.0
6.899999999999984	-433.23316326255747	18.39728345074569	0.0	-541.5615216296969	-149.7245972592934	0.0	-349.17222290753796	-35.766895732824025	0.0
6.959999999999984	-429.16944433860033	10.490813121145777	0.0	-531.3765330359138	-161.42111497001227	0.0	-343.21348029302135	-40.61273122751095	0.0
7.019999999999984	-424.82378696498677	2.73572791484861	0.0	-520.7771599106263	-172.7434737597516	0.0	-337.0841861276867	-45.2409585579712	0.0
7.079999999999983	-420.2018225054462	-4.8579226631353265	0.0	-509.7771375578959	-183.67700143621923	0.0	-330.79228311890427	-49.645580189360146	0.0
7.139999999999983	-415.30954037901915	-12.28029830447909	0.0	-498.3907204671071	-194.2075296778244	0.0	-324.34592469234656	-53.820888348523056	0.0
7.199999999999982	-410.1532802986081	-19.52178064920176	0.0	-486.6326638411443	-204.32141239383927	0.0	-317.7534644262893	-57.76147242046986	0.0
7.259999999999982	-404.73972405559687	-26.572985749716565	0.0	-474.51820447571424	-214.00554340782273	0.0	-311.0234452265438	-61.462225959775225	0.0
7.319999999999982	-399.0758868611847	-33.42477623111367	0.0	-462.06304101459114	-223.24737344139052	0.0	-304.1645882560463	-64.91835330781689	0.0
7.379999999999981	-393.16910825565367	-40.06827313191917	0.0	-449.2833136063715	-232.0349263763238	0.0	-297.18578163345137	-68.12537580727809	0.0
7.439999999999981	-387.02704259735236	-46.494867409986455	0.0	-436.1955829891009	-240.3568147739418	0.0	-290.0960689153747	-71.0791376058607	0.0
7.4999999999999805	-380.6576491437184	-52.696231098609786	0.0	-422.8168090298749	-248.20225463162907	0.0	-282.90463737720876	-73.775811041688	0.0
7.55999999999998	-374.069181737195	-58.66432809840373	0.0	-409.1643287472253	-255.5610793573932	0.0	-275.6208061077002	-76.21190160341888	0.0
7.61999999999998	-367.27017810940606	-64.39142459096306	0.0	-395.2558338447706	-262.423752944345	0.0	-268.25401393271517	-78.3842524586453	0.0
7.679999999999979	-360.2694488174516	-69.870099060809	0.0	-381.1093477852444	-268.7813823280288	0.0	-260.8138071838417	-80.29004854470537	0.0
7.739999999999979	-353.0760658266581	-75.09325191263463	0.0	-366.74320243460977	-274.62572891059006	0.0	-253.30982732768044	-81.92682021661045	0.0
7.7999999999999785	-345.6993507545818	-80.05411467138666	0.0	-352.1760143065276	-279.9492192368434	0.0	-245.7517984718534	-83.29244644735957	0.0
7.859999999999978	-338.1488627914965	-84.7462587532618	0.0	-337.4266604379597	-284.74495480841244	0.0	-238.1495147639212	-84.38515757649338	0.0
7.919999999999978	-330.4343863130215	-89.1636037962516	0.0	-322.5142539271713	-289.006721023217	0.0	-230.51282769953883	-85.20353760332651	0.0
7.979999999999977	-322.56591820093956	-93.30042553944057	0.0	-307.4581191658309	-292.7289952287275	0.0	-222.8516333562961	-85.74652602188624	0.0
8.039999999999978	-314.5536548886378	-97.15136324084719	0.0	-292.2777667973031	-295.90695387855055	0.0	-215.17585956978613	-86.01341919517984	0.0
8.099999999999978	-306.407979147957	-100.71142662419521	0.0	-276.9928684335858	-298.53647878306936	0.0	-207.49545306851994	-86.0038712670096	0.0
8.159999999999979	-298.1394466345723	-103.97600234561324	0.0	-261.6232311636541	-300.61416244604106	0.0	-199.82036658435845	-85.7178946101541	0.0
8.21999999999998	-289.75877220934126	-106.9408599718827	0.0	-246.1887718862454	-302.137312480235	0.0	-192.16054595516508	-85.15585981033479	0.0
8.27999999999998	-281.27681605334317	-109.60215746248721	0.0	-230.70949150034616	-303.10395509639	0.0	-184.5259172363918	-84.3184951859887	0.0
8.33999999999998	-272.7045695946052	-111.95644614835936	0.0	-215.2054489868261	-303.51283766096867	0.0	-176.92637383830052	-83.20688584446981	0.0
8.39999999999998	-264.05314126474946	-114.00067520087308	0.0	-199.6967354148068	-303.36343031939543	0.0	-169.37176370548832	-81.82247227590173	0.0
8.459999999999981	-255.3337421040207	-115.73219558529064	0.0	-184.20344790644762	-302.65592668267357	0.0	-161.87187655532927	-80.16704848650411	0.0
8.519999999999982	-246.55767123334704	-117.1487634935408	0.0	-168.7456635938887	-301.39124357649257	0.0	-154.43643119187112	-78.24275967381163	0.0
8.579999999999982	-237.73630121226083	-118.24854325188005	0.0	-153.3434136020974	-299.5710198531507	0.0	-147.07506291162554	-76.05209944679834	0.0
8.639999999999983	-228.88106330165323	-119.03010969966894	0.0	-138.01665709133405	-297.1976142678312	0.0	-139.7973110175721	-73.59790659450934	0.0
8.699999999999983	-220.00343265046	-119.49245003618066	0.0	-122.78525539287385	-294.2741024219862	0.0	-132.61260645755726	-70.88336140738758	0.0
8.759999999999984	-211.11491342547455	-119.6349651330492	0.0	-107.66894627150123	-290.80427277778756	0.0	-125.5302596031054	-67.91198155606253	0.0
8.819999999999984	-202.22702390355795	-119.45747031065565	0.0	-92.68731834812937	-286.7926217488099	0.0	-118.55944818448086	-64.68761753294135	0.0
8.879999999999985	-193.35128154556426	-118.9601955774474	0.0	-77.85978571568904	-282.24434787330836	0.0	-111.70920539763377	-61.2144476625098	0.0
8.939999999999985	-184.49918807132315	-118.14378533187906	0.0	-63.20556278118147	-277.16534507764027	0.0	-104.98840819844253	-57.49697268680822	0.0
8.999999999999986	-175.68221455502092	-117.00929752736252	0.0	-48.74363936649604	-271.56219503856164	0.0	-98.40576579942136	-53.540009933100094	0.0
9.059999999999986	-166.91178656029393	-115.55820230130735	0.0	-34.49275610025924	-265.4421586542953	0.0	-91.96980838379994	-49.348687071290016	0.0
9.119999999999987	-158.19926933429704	-113.7923800700284	0.0	-20.47138013260252	-258.81316663542304	0.0	-85.68887605159969	-44.928435469181125	0.0
9.179999999999987	-149.55595307993428	-111.71411909198937	0.0	-6.697681204320929	-251.68380922779463	0.0	-79.57110801203166	-40.284983154182726	0.0
9.239999999999988	-140.99303832533585	-109.3261125025405	0.0	6.810491898568387	-244.0633250807716	0.0	-73.6244320362203	-35.424347390588395	0.0
9.299999999999988	-132.52162140954138	-106.63145482399153	0.0	20.035634474354367	-235.96158927523052	0.0	-67.85655418392187	-30.352826882043644	0.0
9.359999999999989	-124.15268010319775	-103.63363795554432	0.0	32.96060858927555	-227.38910052684074	0.0	-62.27494881754956	-25.076993609307664	0.0
9.41999999999999	-115.89705938290459	-100.33654664828009	0.0	45.56866528588364	-218.35696758119778	0.0	-56.88684891644576	-19.603684313885992	0.0
9.47999999999999	-107.76545737764256	-96.74445347106573	0.0	57.843466287348065	-208.8768948184443	0.0	-51.69923670395326	-13.939991638570405	0.0
9.53999999999999	-99.76841150549562	-92.8620132739025	0.0	69.76910516957611	-198.96116708603134	0.0	-46.718834599431204	-8.093254936366634	0.0
9.59999999999999	-91.91628481863188	-88.69425715589207	0.0	81.33012797371208	-188.6226337792755	0.0	-41.952096506940165	-2.071050759720066	0.0
9.659999999999991	-84.21925257423857	-84.24658594563599	0.0	92.51155323230512	-177.87469219034088	0.0	-37.40519945188612	4.1188169576358575	0.0
9.719999999999992	-76.68728904881269	-79.52476320251807	0.0	103.29889138319425	-166.73127014722397	0.0	-33.08403557645974	10.468327013485393	0.0
9.779999999999992	-69.33015461289489	-74.53490774793786	0.0	113.67816354595288	-155.20680796523746	0.0	-28.99420450424509	16.969251331486035	0.0
9.839999999999993	-62.15738308299524	-69.28348573617455	0.0	123.63591963656125	-143.316239734383	0.0	-25.141006083891	23.613165623603678	0.0
9.899999999999993	-55.178269367101336	-63.77730227515613	0.0	133.15925579683284	-131.07497396686065	0.0	-21.529433521249075	30.39146030681097	0.0
9.959999999999994	-48.40185741977862	-58.02349260799184	0.0	142.2358311160088	-118.4988736297936	0.0	-18.164166908877746	37.29535165990187	0.0
10.019999999999994	-41.83692852247094	-52.02951286669594	0.0	150.85388362285067	-105.6042355890431	0.0	-15.049567161297347	44.315893205964855	0.0
10.079999999999995	-35.49198990418893	-45.80313041008401	0.0	159.002245527509	-92.40776949075126	0.0	-12.1896703638553	51.44398730576496	0.0
10.139999999999995	-29.375263717331904	-39.352413758363156	0.0	166.670357693416	-78.92657610797832	0.0	-9.588182542524322	58.6703969470108	0.0
10.199999999999996	-23.49467638292907	-32.68572213745912	0.0	173.84828332044867	-65.17812518049416	0.0	-7.248474861411552	65.98575771422976	0.0
10.259999999999996	-17.85784831910732	-25.811694646629377	0.0	180.52672082163082	-51.18023277644073	0.0	-5.173579254201655	73.38058992373968	0.0
10.319999999999997	-12.472084066095903	-18.739239063399765	0.0	186.69701587668806	-36.95103820520134	0.0	-3.366184495195114	80.84531090799221	0.0
10.379999999999997	-7.3443628205646405	-11.477520300331463	0.0	192.35117264683566	-22.50898051139447	0.0	-1.8286327150331374	88.37024743336869	0.0
10.439999999999998	-2.481329391561843	-4.035948528577023	0.0	197.48186413626632	-7.872774580452642	0.0	-0.5629163656240337	95.94564823533706	0.0
10.499999999999998	2.110714410228155	3.57583301638428	0.0	202.08244168691124	6.938613113249602	0.0	0.42932436179549427	103.56169665472584	0.0
10.559999999999999	6.4258179387496455	11.347960531029969	0.0	206.14694359417075	21.905989084291974	0.0	1.1468036621186286	111.20852335874052	0.0
10.62	6.4258179387496455	11.347960531029969	0.0	206.14694359417075	21.905989084291974	0.0	1.1468036621186286	111.20852335874052	0.0
10.68	6.4258179387496455	11.347960531029969	0.0	206.14694359417075	21.905989084291974	0.0	1.1468036621186286	111.20852335874052	0.0
10.74	6.4258179387496455	11.347960531029969	0.0	206.14694359417075	21.905989084291974	0.0	1.1468036621186286	111.20852335874052	0.0
10.8	6.4258179387496455	11.347960531029969	0.0	206.14694359417075	21.905989084291974	0.0	1.1468036621186286	111.20852335874052	0.0
10.860000000000001	6.4258179387496455	11.347960531029969	0.0	206.14694359417075	21.905989084291974	0.0	1.1468036621186286	111.20852335874052	0.0
10.920000000000002	6.4258179387496455	11.347960531029969	0.0	206.14694359417075	21.905989084291974	0.0	1.1468036621186286	111.20852335874052	0.0
10.980000000000002	6.4258179387496455	11.347960531029969	0.0	206.14694359417075	21.905989084291974	0.0	1.1468036621186286	111.20852335874052	0.0
11.040000000000003	6.4258179387496455	11.347960531029969	0.0	206.14694359417075	21.905989084291974	0.0	1.1468036621186286	111.20852335874052	0.0
11.100000000000003	6.4258179387496455	11.347960531029969	0.0	206.14694359417075	21.905989084291974	0.0	1.1468036621186286	111.20852335874052	0.0
11.160000000000004	6.4258179387496455	11.347960531029969	0.0	206.14694359417075	21.905989084291974	0.0	1.1468036621186286	111.20852335874052	0.0
11.220000000000004	6.4258179387496455	11.347960531029969	0.0	206.14694359417075	21.905989084291974	0.0	1.1468036621186286	111.20852335874052	0.0
11.280000000000005	6.4258179387496455	11.347960531029969	0.0	206.14694359417075	21.905989084291974	0.0	1.1468036621186286	111.20852335874052	0.0
11.340000000000005	6.4258179387496455	11.347960531029969	0.0	206.14694359417075	21.905989084291974	0.0	1.1468036621186286	111.20852335874052	0.0
11.400000000000006	6.4258179387496455	11.347960531029969	0.0	206.14694359417075	21.905989084291974	0.0	1.1468036621186286	111.20852335874052	0.0
11.460000000000006	6.4258179387496455	11.347960531029969	0.0	206.14694359417075	21.905989084291974	0.0	1.1468036621186286	111.20852335874052	0.0
11.520000000000007	6.4258179387496455	11.347960531029969	0.0	206.14694359417075	21.905989084291974	0.0	1.1468036621186286	111.20852335874052	0.0
11.580000000000007	0.0	0.0	0.0	199.99999999999997	0.0	0.0	0.0	100.0	0.0
11.640000000000008	4.780052510829762	6.533017667178825	0.0	204.65046650702507	13.731462567952661	0.0	1.1808300604428439	106.4682246652765	0.0
11.700000000000008	9.32187004358039	13.233847119206317	0.0	208.8036939536856	27.621408743671026	0.0	2.128089231348042	112.97475907425894	0.0
11.760000000000009	13.619567038411134	20.09380501897388	0.0	212.4543003385045	41.651839100975366	0.0	2.840549997410392	119.51117166902057	0.0
11.82000000000001	17.667574281530733	27.104001821176496	0.0	215.59755498655298	55.804572165849066	0.0	3.3172891091944336	126.06899217368766	0.0
11.88000000000001	21.4606461221191	34.25535329191935	0.0	218.22938467974333	70.06126797708419	0.0	3.557688779536676	132.6397225707315	0.0
11.94000000000001	24.99386726995658	41.5385922806135	0.0	220.3463789351492	84.4034518523044	0.0	3.5614374841111385	139.2148481132098	0.0
12.00000000000001	28.26265916495211	48.94428072890592	0.0	221.9457944245141	98.81253832856746	0.0	3.3285303651213383	145.78584835868693	0.0
12.060000000000011	31.262785910316296	56.462821901082265	0.0	223.02555852922129	113.26985524652402	0.0	2.859269237595413	152.3442082105348	0.0
12.120000000000012	33.99035976169071	64.08447282009313	0.0	223.58427202611685	127.75666794692276	0.0	2.1542621982758874	158.8814289523062	0.0
12.180000000000012	36.44184616512058	71.79935689308856	0.0	223.62121090070755	142.25420354810652	0.0	1.2144228376116075	165.38903926088204	0.0
12.240000000000013	38.61406833734185	79.59747671010027	0.0	223.13632728538184	156.74367527303966	0.0	0.040969055872153604	171.85860618412028	0.0
12.300000000000013	40.50421138244781	87.46872699928548	0.0	222.13024952144	171.20630679434134	0.0	-1.364578515080126	178.28174606878156	0.0
12.360000000000014	42.109825939600086	95.40290772194493	0.0	220.60428134485144	185.62335656577815	0.0	-3.000398482316541	184.65013542457064	0.0
12.420000000000014	43.42883135705759	103.38973729034554	0.0	218.5604001967956	199.97614210868477	0.0	-4.864371052112062	190.95552171021455	0.0
12.480000000000015	44.459518388409805	111.41886589121893	0.0	216.0012546611746	214.24606422184152	0.0	-6.954080776901492	197.18973402760133	0.0
12.540000000000015	45.20055140752115	119.47988889767083	0.0	212.93016103241982	228.41463108343584	0.0	-9.266819685361355	203.34469371012017	0.0
12.600000000000016	45.65097013931526	127.5623603521215	0.0	209.35109901803773	242.46348221387552	0.0	-11.79959079156174	209.41242479148275	0.0
12.660000000000016	45.81019090415717	135.65580650280438	0.0	205.26870658146643	256.3744122684	0.0	-14.549111978640639	215.38506434145904	0.0
12.720000000000017	45.678007374220584	143.74973937628278	0.0	200.68827393192421	270.1293946286597	0.0	-17.51182025196792	221.2548726551346	0.0
12.780000000000017	45.25459084085955	151.83367036839527	0.0	195.6157366690385	283.7106047626899	0.0	-20.683876356287783	227.01424328248476	0.0
12.840000000000018	44.54048999263915	159.89712383601892	0.0	190.0576680911398	297.1004433230096	0.0	-24.06116975085618	232.65571288526922	0.0
12.900000000000018	43.53663020431168	167.9296506720363	0.0	184.0212706771869	310.28155895291246	0.0	-27.639323936126402	238.17197090847395	0.0
12.960000000000019	42.24431233766069	175.92084184591613	0.0	177.51436675336234	323.236870771397	0.0	-31.413702125079737	243.55586905376697	0.0
13.02000000000002	40.66521105576598	183.86034189235983	0.0	170.54538835643243	335.94959050759707	0.0	-35.37941325185264	248.80043054269305	0.0
13.08000000000002	38.80137265287482	191.73786233053505	0.0	163.12336630700767	348.4032442560317	0.0	-39.53131830987351	253.8988591576015	0.0
13.14000000000002	36.65521240269089	199.54319499650717	0.0	155.2579185068635	360.58169382448074	0.0	-43.86403701129589	258.8445480485935	0.0
13.20000000000002	34.22951142851764	207.2662252715906	0.0	146.95923747548542	372.4691576468229	0.0	-48.37195475909854	263.6310882950745	0.0
13.260000000000021	31.5274130993117	214.89694518947925	0.0	138.23807714199054	384.0502312337371	0.0	-53.04922992281722	268.25227721081865	0.0
13.320000000000022	28.55241895631687	222.42546640517008	0.0	129.1057389095404	395.30990713476456	0.0	-57.88980140848035	272.7021263817819	0.0
13.380000000000022	25.308384175556398	229.84203300887407	0.0	119.5740570103043	406.2335943858635	0.0	-62.88739651293838	276.974869426248	0.0
13.440000000000023	21.799512572064685	237.13703416830987	0.0	109.65538316995097	416.8071374172574	0.0	-68.03553905240906	281.06496946725304	0.0
13.500000000000023	18.030351152331406	244.3010165829976	0.0	99.36257060154034	427.0168343970711	0.0	-73.32755775470535	284.9671263076021	0.0
13.560000000000024	14.005784222017326	251.32469673441273	0.0	88.70895734955914	436.849454986988	0.0	-78.75659490427034	288.67628329818365	0.0
13.620000000000024	9.73102705657783	258.198972916127	0.0	77.70834900568124	446.29225748691636	0.0	-84.31561522881684	292.18763389067874	0.0
13.680000000000025	5.211619142996	264.91493702834606	0.0	66.37500081865375	455.3330053464492	0.0	-89.99741501605558	295.49662786617495	0.0
13.740000000000025	0.45341700138266106	271.46388612156	0.0	54.72359922148951	463.95998302172154	0.0	-95.79463144869811	298.5989772316134	0.0
13.800000000000026	-4.5374134042538685	277.8373336743475	0.0	42.7692427999055	472.16201115711465	0.0	-101.69975214563746	301.49066177642726	0.0
13.860000000000026	-9.754404656234357	284.0270205907206	0.0	30.527422726669016	479.9284610721371	0.0	-107.7051248969426	304.16793428217227	0.0
13.920000000000027	-15.190796264076425	290.0249259027562	0.0	18.014002687205902	487.2492685347064	0.0	-113.80296758005156	306.62732537839736	0.0
13.980000000000027	-20.83954342514437	295.82327716464846	0.0	5.245198322484612	494.11494680298574	0.0	-119.98537824431301	308.86564803846295	0.0
14.040000000000028	-26.69332615372707	301.4145605247105	0.0	-7.762443784184995	500.516598918873	0.0	-126.24434535080833	310.8800017094816	0.0
14.100000000000028	-32.744558766715215	306.79153046227475	0.0	-20.992067549207633	506.4459292372138	0.0	-132.57175815418478	312.6677760710286	0.0
14.160000000000029	-38.985399713584684	311.9472191768732	0.0	-34.426529231827885	511.89525417579625	0.0	-138.9594172130462	314.22665441775166	0.0
14.220000000000029	-45.40776173794859	316.87494561753215	0.0	-48.04841965001853	516.8575121721981	0.0	-145.39904501528162	315.55461666149716	0.0
14.28000000000003	-52.00332235750976	321.5683241404786	0.0	-61.84008674034399	521.3262728345833	0.0	-151.88229670456215	316.64994194906143	0.0
14.34000000000003	-58.76353464883272	326.0212727840412	0.0	-75.78365843256388	525.2957452745899	0.0	-158.4007708941071	317.5112108921756	0.0
14.40000000000003	-65.67963832296049	330.2280211500214	0.0	-89.86106580933463	528.7607856115108	0.0	-164.94602055370518	318.1373074068343	0.0
14.460000000000031	-72.74267107752277	334.18311788132155	0.0	-104.05406652099738	531.716903638043	0.0	-171.50956395588352	318.5274201595842	0.0
14.520000000000032	-79.94348021062547	337.8814377261409	0.0	-118.34426842510989	534.1602686389684	0.0	-178.0828956670392	318.68104361889874	0.0
14.580000000000032	-87.27273448147146	341.3181881795848	0.0	-132.71315342008904	536.0877143552237	0.0	-184.65749756929094	318.597978710276	0.0
14.640000000000033	-94.72093620234241	344.48891569407976	0.0	-147.1421014420785	537.49674308693	0.0	-191.22484989876753	318.2783330742117	0.0
14.700000000000033	-102.27843354627296	347.38951145054824	0.0	-161.6124145939456	538.3855289300612	0.0	-197.77644228602946	317.7225209267119	0.0
14.760000000000034	-109.93543305446752	350.0162166828629	0.0	-176.10534137513878	538.7529201425608	0.0	-204.3037847843165	316.9312625225273	0.0
14.820000000000034	-117.68201232725201	352.36562754868146	0.0	-190.60210098100794	538.5984406368383	0.0	-210.79841887133045	315.90558322180345	0.0
14.880000000000035	-125.50813288211529	354.4346995403499	0.0	-205.0839076400987	537.9222905967118	0.0	-217.25192841029622	314.64681216135824	0.0
14.940000000000035	-133.4036531621773	356.22075143015854	0.0	-219.53199495788266	536.7253462179981	0.0	-223.65595055609708	313.15658053230584	0.0
15.000000000000036	-141.3583416782277	357.72146874483735	0.0	-233.9276402353788	535.0091585730852	0.0	-230.00218659235162	311.4368194662618	0.0
15.060000000000036	-149.36189026730332	358.93490676478984	0.0	-248.25218873114994	532.7759516009601	0.0	-236.2824126853884	309.4897575328665	0.0
15.120000000000037	-157.40392745062502	359.85949304417744	0.0	-262.4870778352374	530.0286192252945	0.0	-242.48849054118355	307.31791785187124	0.0
15.180000000000037	-165.47403187358245	360.4940294485888	0.0	-276.61386112370514	526.7707216043253	0.0	-248.6123779514507	304.9241148235275	0.0
15.240000000000038	-173.56174581035103	360.8376937076548	0.0	-290.61423226262343	523.0064805173877	0.0	-254.64613921521746	302.3114504815186	0.0
15.300000000000038	-181.65658871564102	360.89004048059564	0.0	-304.4700487305157	518.7407738940796	0.0	-260.581955422383	299.4833104731583	0.0
15.360000000000039	-189.74807080601713	360.65100193332023	0.0	-318.1633553285266	513.9791294931483	0.0	-266.4121345859312	296.44335967206547	0.0
15.420000000000039	-197.82570665318985	360.1208878263294	0.0	-331.67640744784705	508.72771773928844	0.0	-272.12912160966937	293.19553742900075	0.0
15.48000000000004	-205.87902877166295	359.30038511331	0.0	-344.9916940642436	502.9933437271351	0.0	-277.7255080785755	289.74405246701974	0.0
15.54000000000004	-213.89760118312964	358.1905570509391	0.0	-358.0919604298948	496.7834384028138	0.0	-283.194041859067	286.09337742755645	0.0
15.60000000000004	-221.87103294003964	356.79284182105164	0.0	-370.9602304331298	490.1060489344744	0.0	-288.52763649675103	282.24824307450655	0.0
15.660000000000041	-229.78899159081317	355.10905066695875	0.0	-383.5798285970926	482.96982828428736	0.0	-293.71938039947753	278.213632163819	0.0
15.720000000000041	-237.6412165692517	353.14136554632927	0.0	-395.93440168882626	475.3840239954161	0.0	-298.7625457937951	273.994772986542	0.0
15.780000000000042	-245.41753249079596	350.8923363036787	0.0	-408.0079399107741	467.35846620849475	0.0	-303.65059744320405	269.5971325936896	0.0
15.840000000000042	-253.10786233840003	348.36487736612673	0.0	-419.7847976472365	458.9035549231427	0.0	-308.37720111690794	265.02640971170854	0.0
15.900000000000043	-260.7022405209349	345.5622639667086	0.0	-431.2497137388989	450.03024652101965	0.0	-312.9362317980905	260.2885273577266	0.0
15.960000000000043	-268.19082578720014	342.4881279001305	0.0	-442.3878312591587	440.7500395678893	0.0	-317.3217816210795	255.38962516415123	0.0
16.020000000000042	-275.5639139788076	339.1464528164728	0.0	-453.1847167666223	431.0749599130869	0.0	-321.52816752711465	250.33605142256545	0.0
16.08000000000004	-282.81195060541285	335.5415690589364	0.0	-463.6263790088252	421.0175451057021	0.0	-325.5499386287957	245.13435485723022	0.0
16.14000000000004	-289.9255432259971	331.67814805232456	0.0	-473.69928705293694	410.59082814766987	0.0	-329.38188327366976	239.79127613885467	0.0
16.20000000000004	-296.8954736201565	327.5611962495299	0.0	-483.39038781995623	399.8083206048241	0.0	-333.01903579780355	234.31373914963007	0.0
16.260000000000037	-303.71270973362516	323.19604864387225	0.0	-492.68712299967433	388.6839950977994	0.0	-336.45668296058875	228.7088420108476	0.0
16.320000000000036	-310.3684173825538	318.5883618556939	0.0	-501.5774453244877	377.2322671954708	0.0	-339.6903700524423	222.9838478847269	0.0
16.380000000000035	-316.8539717013752	313.7441068021715	0.0	-510.04983418097027	365.4679767343933	0.0	-342.71590666748614	217.14617556237397	0.0
16.440000000000033	-323.1609683194231	308.669560959843	0.0	-518.093310538976	353.4063685884514	0.0	-345.5293721337273	211.20338985006654	0.0
16.500000000000032	-329.28123425182	303.37130022987674	0.0	-525.6974511789256	341.0630729136361	0.0	-348.1271205936997	205.16319176632396	0.0
16.56000000000003	-335.20683849052193	297.8561904166238	0.0	-532.8524021988401	328.4540848935501	0.0	-350.5057857289851	199.03340856246473	0.0
16.62000000000003	-340.9301022817946	292.1313783304967	0.0	-539.5488917836186	315.5957440118889	0.0	-352.66228512249074	192.82198357958467	0.0
16.680000000000028	-346.4436090768038	286.2042825267031	0.0	-545.7782422200131	302.50471287875655	0.0	-354.5938242528306	186.53696595509842	0.0
16.740000000000027	-351.7402141424244	280.0825836918368	0.0	-551.5323811417301	289.1979556382554	0.0	-356.29790011563364	180.18650019218398	0.0
16.800000000000026	-356.8130538198144	273.7742146907829	0.0	-556.8038519900873	275.6927159853293	0.0	-357.77230446708757	173.77881560564646	0.0
16.860000000000024	-361.65555441875665	267.28735028683514	0.0	-561.5858236766708	262.00649482034873	0.0	-359.01512668551345	167.322215657878	0.0
16.920000000000023	-366.26144073624056	260.6303965483467	0.0	-565.872099435469	248.15702757039332	0.0	-360.0247562472639	160.82506719873254	0.0
16.98000000000002	-370.62474418824763	253.81197995564253	0.0	-569.6571248530137	234.16226120662046	0.0	-360.79988481373664	154.29578962325954	0.0
17.04000000000002	-374.7398105442006	246.84093622230785	0.0	-572.9359950661235	220.04033098750278	0.0	-361.3395079267981	147.74284396134638	0.0
17.10000000000002	-378.60130725405475	239.72629884534015	0.0	-575.7044611179194	205.80953695807136	0.0	-361.6429263104203	141.1747219134078	0.0
17.160000000000018	-382.20423035853673	232.4772873990014	0.0	-577.958935463878	191.48832023561852	0.0	-361.70974677684535	134.59993484633077	0.0
17.220000000000017	-385.5439109735754	225.1032955875403	0.0	-579.6964966207877	177.09523911259117	0.0	-361.5398827361009	128.02700276393415	0.0
17.280000000000015	-388.6160213405219	217.61387907226617	0.0	-580.9148929525815	162.64894500764095	0.0	-361.1335543082092	121.46444326623633	0.0
17.340000000000014	-391.4165804343191	210.01874308874943	0.0	-581.6125455881426	148.16815829599634	0.0	-360.4912880379425	114.92076051183767	0.0
17.400000000000013	-393.9419591223532	202.32772987019473	0.0	-581.7885504673001	133.67164405047646	0.0	-359.6139162124941	108.40443419772126	0.0
17.46000000000001	-396.1888848673015	194.55080589328398	0.0	-581.4426795123646	119.17818772458304	0.0	-358.502575782951	101.92390857075242	0.0
17.52000000000001	-398.1544459678827	186.69804896301784	0.0	-580.5753809236849	104.70657080918198	0.0	-357.1587068909647	95.48758148511669	0.0
17.58000000000001	-399.83609533201405	178.77963515329074	0.0	-579.1877785988432	90.27554649431985	0.0	-355.5840510025286	89.10379351987613	0.0
17.640000000000008	-401.2316537774867	170.8058256201234	0.0	-577.2816706762409	75.90381536771437	0.0	-353.7806486512822	82.78081717074627	0.0
17.700000000000006	-402.3393128558804	162.78695330464083	0.0	-574.8595272049631	61.610001181410084	0.0	-351.750836794265	76.52684613009944	0.0
17.760000000000005	-403.1576371960597	154.73340954302688	0.0	-571.9244869439408	47.41262671800219	0.0	-349.4972457835473	70.34998466908633	0.0
17.820000000000004	-403.68556636421386	146.65563060080692	0.0	-568.480353294558	33.33008978770313	0.0	-347.02279595766197	64.25823713563481	0.0
17.880000000000003	-403.9224162380311	138.56408414890828	0.0	-564.5315893719769	19.38063938735509	0.0	-344.33069385725446	58.25949758193535	0.0
17.94	-403.8678798932248	130.46925569902402	0.0	-560.0833122215644	5.582352052284648	0.0	-341.42442806985514	52.361539534854245	0.0
18.0	-403.52202800126497	122.38163501585714	0.0	-555.1412861879178	-8.046891568357239	0.0	-338.3077647091578	46.57200592253075	0.0
18.06	-402.88530873779735	114.31170252385391	0.0	-549.7119154450811	-21.489429882413702	0.0	-334.9847425346636	40.89839917021206	0.0
18.119999999999997	-401.95854720187106	106.26991572604038	0.0	-543.8022356976317	-34.72784324167375	0.0	-331.459667718014	35.34807147816005	0.0
18.179999999999996	-400.74294434672515	98.26669565256233	0.0	-537.419905063392	-47.744976515297935	0.0	-327.737108262795	29.928215294228906	0.0
18.239999999999995	-399.2400754235218	90.31241335648872	0.0	-530.5731941495804	-60.52396132046698	0.0	-323.8218880850439	24.645853993459383	0.0
18.299999999999994	-397.451887940041	82.41737647437833	0.0	-523.2709753352624	-73.04823788144517	0.0	-319.71908076212924	19.507832776767643	0.0
18.359999999999992	-395.38069913698314	74.59181586902571	0.0	-515.5227112739884	-85.30157648873146	0.0	-315.43400295810454	14.52080980052311	0.0
18.41999999999999	-393.02919298514945	66.84587237169454	0.0	-507.3384426315197	-97.26809853049221	0.0	-310.97220753405605	9.691247548509438	0.0
18.47999999999999	-390.4004167073912	59.18958364101999	0.0	-498.72877507453063	-108.93229706901909	0.0	-306.33947635237166	5.025404457450293	0.0
18.53999999999999	-387.49777682983574	51.63287115560786	0.0	-489.7048655271492	-120.27905693555019	0.0	-301.54181278425665	0.5293268069511328	0.0
18.599999999999987	-384.32503476750514	44.185527357187	0.0	-480.2784077131447	-131.29367431741318	0.0	-296.58543393020506	-3.7911591156328086	0.0
18.659999999999986	-380.8863019500492	36.8572029609754	0.0	-470.4616170024989	-141.96187581210845	0.0	-291.47676256350724	-7.930454565249448	0.0
18.719999999999985	-377.18603449390736	29.657394449703958	0.0	-460.2672145819953	-152.2698369236413	0.0	-286.2224188072347	-11.88319559433998	0.0
18.779999999999983	-373.2290274278063	22.595431767503996	0.0	-449.70841097034247	-162.20419997713347	0.0	-280.8292115554875	-15.644260003764117	0.0
18.839999999999982	-369.02040847907307	15.680466229605571	0.0	-438.7988888991904	-171.75209142850056	0.0	-275.30412965002	-19.208773980453117	0.0
18.89999999999998	-364.56563142881885	8.921458663513675	0.0	-427.5527855822253	-180.90113854676318	0.0	-269.6543328236804	-22.572118413189543	0.0
18.95999999999998	-359.87046904460146	2.3271677970300857	0.0	-415.9846743953193	-189.63948544737448	0.0	-263.88714242239917	-25.729934878328805	0.0
19.01999999999998	-354.9410055997266	-4.093861091832025	0.0	-404.10954599147516	-197.95580845578738	0.0	-258.01003191774896	-28.678131287706293	0.0
19.079999999999977	-349.7836289888817	-10.333307248332517	0.0	-391.94278887503816	-205.83933078135178	0.0	-252.0306172223721	-31.412887191410732	0.0
19.139999999999976	-344.4050224503178	-16.38308522353759	0.0	-379.50016946034816	-213.27983648252703	0.0	-245.9566468208231	-33.93065872855274	0.0
19.199999999999974	-338.8121559053086	-22.23535535193014	0.0	-366.7978116406731	-220.267683705312	0.0	-239.79599172861765	-36.22818321961239	0.0
19.259999999999973	-333.0122769261079	-27.8825339105189	0.0	-353.8521758939006	-226.79381717773876	0.0	-233.55663529249796	-38.302483394415276	0.0
19.319999999999972	-327.01290134411033	-33.317302946282126	0.0	-340.68003795206204	-232.8497799442375	0.0	-227.24666284513268	-40.15087125025795	0.0
19.37999999999997	-320.82180351038596	-38.53261975921032	0.0	-327.2984670623317	-238.42772432466703	0.0	-220.87425122765754	-41.77095153518323	0.0
19.43999999999997	-314.44700622120894	-43.521726028659884	0.0	-313.7248038676721	-243.52042208381053	0.0	-214.44765819363363	-43.16062485189147	0.0
19.499999999999968	-307.8967703216372	-48.278156571190664	0.0	-299.976637935787	-248.12127379815595	0.0	-207.9752117081545	-44.318090378265566	0.0
19.559999999999967	-301.1795840006125	-52.79574771853885	0.0	-286.07178496550387	-252.22431740782574	0.0	-201.46529915596906	-45.24184820098452	0.0
19.619999999999965	-294.3041517914566	-57.06864530486837	0.0	-272.0282637001219	-255.82423594257173	0.0	-194.92635647260494	-45.930701259201015	0.0
19.679999999999964	-287.27938329201356	-61.09131225295039	0.0	-257.86427257764234	-258.9163644118246	0.0	-188.3668572125765	-46.383756895764805	0.0
19.739999999999963	-280.11438161905835	-64.85853574944059	0.0	-243.59816614814014	-261.4966958498684	0.0	-181.79530156884448	-46.60042801398146	0.0
19.79999999999996	-272.8184316119315	-68.36543399995546	0.0	-229.24843128883566	-263.5618865083077	0.0	-175.22020535775533	-46.580433838407544	0.0
19.85999999999996	-265.4009878006867	-71.60746255519459	0.0	-214.83366324768974	-265.1092601890973	0.0	-168.65008898373534	-46.3238002786961	0.0
19.91999999999996	-257.8716621543436	-74.58042019991115	0.0	-200.37254154656455	-266.1368117125205	0.0	-162.0934663980389	-45.83085989602159	0.0
19.979999999999958	-250.2402116251206	-77.28045439709845	0.0	-185.88380577517793	-266.6432095156208	0.0	-155.55883406585943	-45.10225147212711	0.0
20.039999999999957	-242.51652550479088	-79.70406628033908	0.0	-171.38623130721783	-266.6277973777219	0.0	-149.05465995609944	-44.13891918155255	0.0
20.099999999999955	-234.7106126095442	-81.84811518784574	0.0	-156.8986049700859	-266.0905952707975	0.0	-142.5893725680683	-42.9421113681166	0.0
20.159999999999954	-226.832588309962	-83.70982273231965	0.0	-142.4397006997986	-265.03229933359023	0.0	-136.17135000932672	-41.51337892723794	0.0
20.219999999999953	-218.89266142291282	-85.28677640135132	0.0	-128.02825521259365	-263.45428096951355	0.0	-129.80890913883172	-39.854573296191745	0.0
20.27999999999995	-210.90112098235463	-86.57693268369925	0.0	-113.68294372476848	-261.3585850695048	0.0	-123.51029478945186	-37.96784405490618	0.0
20.33999999999995	-202.86832290618676	-87.5786197173943	0.0	-99.42235575221343	-258.7479273621326	0.0	-117.2836690838176	-35.855636140407654	0.0
20.39999999999995	-194.8046765764298	-88.29053945623886	0.0	-85.26497102100123	-255.62569089439305	0.0	-111.1371008573527	-33.520686678524555	0.0
20.459999999999948	-186.7206313501235	-88.71176935189311	0.0	-71.22913552024832	-251.99592164775405	0.0	-105.07855520219302	-30.966021436955515	0.0
20.519999999999946	-178.62666301842233	-88.84176354936838	0.0	-57.33303772828067	-247.86332329512956	0.0	-99.11588314554172	-28.194950904297542	0.0
20.579999999999945	-170.53326023143651	-88.68035359437903	0.0	-43.594685042911664	-243.2332511055781	0.0	-93.25681147583697	-25.211066000116574	0.0
20.639999999999944	-162.4509109064096	-88.22774865163544	0.0	-30.03188044637494	-238.11170500462336	0.0	-87.50893272991563	-22.018233421618078	0.0
20.699999999999942	-154.3900886368454	-87.48453523379595	0.0	-16.66219943515091	-232.50532179919063	0.0	-81.87969535414805	-18.620590632948705	0.0
20.75999999999994	-146.36123912019684	-86.45167644142848	0.0	-3.5029672445834876	-226.42136657723373	0.0	-76.3763940522942	-15.022540503621798	0.0
20.81999999999994	-138.374766621704	-85.13051071496702	0.0	9.428763602200206	-219.86772329319805	0.0	-71.00616033258845	-11.228745603014914	0.0
20.87999999999994	-130.44102049192264	-83.52275010028009	0.0	22.116235391973078	-212.85288455151905	0.0	-65.77595326630313	-7.244122158332232	0.0
20.939999999999937	-122.57028175541438	-81.63047803009903	0.0	34.54300693705889	-205.3859406013954	0.0	-60.69255046976619	-3.0738336838624036	0.0
20.999999999999936	-114.77274978797776	-79.45614662418072	0.0	46.692974880810425	-197.47656755709838	0.0	-55.762539321518915	1.2767157102133808	0.0
21.059999999999935	-107.05852909968473	-77.00257351170353	0.0	58.55039456530591	-189.13501485908208	0.0	-50.992308425995446	5.801888320791818	0.0
21.119999999999933	-99.43761624084998	-74.27293818001434	0.0	70.09990043422172	-180.37209199214314	0.0	-46.38803933478556	10.495820157521536	0.0
21.179999999999932	-91.91988684790066	-71.27077785445792	0.0	81.32652594444326	-171.19915447784135	0.0	-41.955698536208956	15.352428541714048	0.0
21.23999999999993	-84.51508284593397	-67.99998291462802	0.0	92.21572296060967	-161.62808915933292	0.0	-37.70102972358154	20.365419988643822	0.0
21.29999999999993	-77.23279982454561	-64.46479185297974	0.0	102.75338060746131	-151.67129879768564	0.0	-33.629546352192676	25.528298363023723	0.0
21.35999999999993	-70.08247460328874	-60.66978578233679	0.0	112.92584355555906	-141.34168599963638	0.0	-29.746524494638948	30.83437329708711	0.0
21.419999999999927	-63.073373002876636	-56.61988249941021	0.0	122.71992971667979	-130.65263649761866	0.0	-26.05699600377241	36.27676886036802	0.0
21.479999999999926	-56.21457783797588	-52.32033011202233	0.0	132.12294732595828	-119.61800180372686	0.0	-22.565741992123634	41.84843246994477	0.0
21.539999999999925	-49.51497714714981	-47.776700238293444	0.0	141.1227113886376	-108.25208126009517	0.0	-19.27728663624893	47.54214402960028	0.0
21.599999999999923	-42.98325267520451	-42.99488078660457	0.0	149.70755947011705	-96.56960350895173	0.0	-16.195891314030916	53.350525286056225	0.0
21.659999999999922	-36.627868622862735	-37.98106832569235	0.0	157.86636680883518	-84.5857074063596	0.0	-13.32554908252908	59.26604939015661	0.0
21.71999999999992	-30.457060678344334	-32.74176005476312	0.0	165.58856073240352	-72.31592240437828	0.0	-10.669979503536752	65.28105065061084	0.0
21.77999999999992	-24.478825345067065	-27.28374538403216	0.0	172.86413435831068	-59.7761484270672	0.0	-8.232623823549545	71.3877344676567	0.0
21.839999999999918	-18.700909579297388	-21.61409713659836	0.0	179.6836595614407	-46.982635266409716	0.0	-6.0166405143917245	77.5781874337707	0.0
21.899999999999917	-13.13080075117935	-15.740162383055377	0.0	186.03829919160458	-33.95196152485693	0.0	-4.024901180278562	83.84438758833663	0.0
21.959999999999916	-7.7757169421508365	-9.66955292071637	0.0	191.91981852524944	-20.701013131779376	0.0	-2.2599868366193334	90.1782148129838	0.0
22.019999999999914	-2.642597591320424	-3.4101354097902004	0.0	197.32059593650771	-7.246961461665819	0.0	-0.7241845653826147	96.5714613541239	0.0
22.079999999999913	2.2619054970746504	3.0299788207093172	0.0	202.2336327737577	6.392758917574639	0.0	0.5805154486419895	103.01584245905087	0.0
22.13999999999991	6.931436773475667	9.642444284110354	0.0	206.65256242889674	20.20047283737236	0.0	1.6524224968446788	109.5030071118209	0.0
22.19999999999991	6.931436773475667	9.642444284110354	0.0	206.65256242889674	20.20047283737236	0.0	1.6524224968446788	109.5030071118209	0.0
22.25999999999991	6.931436773475667	9.642444284110354	0.0	206.65256242889674	20.20047283737236	0.0	1.6524224968446788	109.5030071118209	0.0
22.319999999999908	6.931436773475667	9.642444284110354	0.0	206.65256242889674	20.20047283737236	0.0	1.6524224968446788	109.5030071118209	0.0
22.379999999999907	6.931436773475667	9.642444284110354	0.0	206.65256242889674	20.20047283737236	0.0	1.6524224968446788	109.5030071118209	0.0
22.439999999999905	6.931436773475667	9.642444284110354	0.0	206.65256242889674	20.20047283737236	0.0	1.6524224968446788	109.5030071118209	0.0
22.499999999999904	6.931436773475667	9.642444284110354	0.0	206.65256242889674	20.20047283737236	0.0	1.6524224968446788	109.5030071118209	0.0
22.559999999999903	6.931436773475667	9.642444284110354	0.0	206.65256242889674	20.20047283737236	0.0	1.6524224968446788	109.5030071118209	0.0
22.6199999999999	6.931436773475667	9.642444284110354	0.0	206.65256242889674	20.20047283737236	0.0	1.6524224968446788	109.5030071118209	0.0
22.6799999999999	6.931436773475667	9.642444284110354	0.0	206.65256242889674	20.20047283737236	0.0	1.6524224968446788	109.5030071118209	0.0
22.7399999999999	6.931436773475667	9.642444284110354	0.0	206.65256242889674	20.20047283737236	0.0	1.6524224968446788	109.5030071118209	0.0
22.799999999999898	6.931436773475667	9.642444284110354	0.0	206.65256242889674	20.20047283737236	0.0	1.6524224968446788	109.5030071118209	0.0
22.859999999999896	6.931436773475667	9.642444284110354	0.0	206.65256242889674	20.20047283737236	0.0	1.6524224968446788	109.5030071118209	0.0
22.919999999999895	6.931436773475667	9.642444284110354	0.0	206.65256242889674	20.20047283737236	0.0	1.6524224968446788	109.5030071118209	0.0
22.979999999999894	6.931436773475667	9.642444284110354	0.0	206.65256242889674	20.20047283737236	0.0	1.6524224968446788	109.5030071118209	0.0
23.039999999999893	6.931436773475667	9.642444284110354	0.0	206.65256242889674	20.20047283737236	0.0	1.6524224968446788	109.5030071118209	0.0
23.09999999999989	6.931436773475667	9.642444284110354	0.0	206.65256242889674	20.20047283737236	0.0	1.6524224968446788	109.5030071118209	0.0
